ID;MARCA;NOME;TIPO
0;ACURA;INTEGRA;Carro
1;ACURA;LEGEND;Carro
2;ACURA;NSX;Carro
3;AGRALE;MARRUA;Carro
4;ALFA ROMEO;145;Carro
5;ALFA ROMEO;147;Carro
6;ALFA ROMEO;155;Carro
7;ALFA ROMEO;156;Carro
8;ALFA ROMEO;164;Carro
9;ALFA ROMEO;166;Carro
10;ALFA ROMEO;2300;Carro
11;ALFA ROMEO;SPIDER;Carro
12;AM GEN;HUMMER;Carro
13;KIA;AM-825;Carro
14;KIA;HI-TOPIC;Carro
15;KIA;ROCSTA;Carro
16;KIA;TOPIC;Carro
17;KIA;TOWNER;Carro
18;AUDI;100;Carro
19;AUDI;80;Carro
20;AUDI;A1;Carro
21;AUDI;A3;Carro
22;AUDI;A4 SEDAN;Carro
23;AUDI;A5 COUPE;Carro
24;AUDI;A6 SEDAN;Carro
25;AUDI;A7;Carro
26;AUDI;A8;Carro
27;AUDI;Q3;Carro
28;AUDI;Q5;Carro
29;AUDI;Q7;Carro
30;AUDI;R8;Carro
31;AUDI;RS3;Carro
32;AUDI;RS4;Carro
33;AUDI;RS5;Carro
34;AUDI;RS6;Carro
35;AUDI;S3;Carro
36;AUDI;S4 SEDAN;Carro
37;AUDI;S6 SEDAN;Carro
38;AUDI;S8;Carro
39;AUDI;TT;Carro
40;AUDI;TTS;Carro
41;BUGGY;BUGGY;Carro
42;CADILLAC;DEVILLE;Carro
43;CADILLAC;ELDORADO;Carro
44;CADILLAC;SEVILLE;Carro
45;CBT;JAVALI;Carro
46;CHANA;MINI STAR FAMILY;Carro
47;CHANA;MINI STAR UTILITY;Carro
48;CHERY;CIELO;Carro
49;CHERY;FACE;Carro
50;CHERY;QQ;Carro
51;CHERY;S-18;Carro
52;CHERY;TIGGO;Carro
53;CHRYSLER;300C;Carro
54;CHRYSLER;CARAVAN;Carro
55;CHRYSLER;CIRRUS;Carro
56;CHRYSLER;GRAN CARAVAN;Carro
57;CHRYSLER;LE BARON;Carro
58;CHRYSLER;NEON;Carro
59;CHRYSLER;PT CRUISER;Carro
60;CHRYSLER;SEBRING;Carro
61;CHRYSLER;STRATUS;Carro
62;CHRYSLER;TOWN E COUNTRY;Carro
63;CHRYSLER;VISION;Carro
64;CITROEN;AIRCROSS;Carro
65;CITROEN;AX;Carro
66;CITROEN;BERLINGO;Carro
67;CITROEN;BX;Carro
68;CITROEN;C3;Carro
69;CITROEN;C4;Carro
70;CITROEN;C5;Carro
71;CITROEN;C6;Carro
72;CITROEN;C8;Carro
73;CITROEN;DS3;Carro
74;CITROEN;EVASION;Carro
75;CITROEN;JUMPER;Carro
76;CITROEN;XANTIA;Carro
77;CITROEN;XM;Carro
78;CITROEN;XSARA;Carro
79;CITROEN;ZX;Carro
80;CROSS LANDER;CL-244;Carro
81;CROSS LANDER;CL-330;Carro
82;DAEWOO;ESPERO;Carro
83;DAEWOO;LANOS;Carro
84;DAEWOO;LEGANZA;Carro
85;DAEWOO;NUBIRA;Carro
86;DAEWOO;PRINCE;Carro
87;DAEWOO;RACER;Carro
88;DAEWOO;SUPER SALON;Carro
89;DAEWOO;TICO;Carro
90;DAIHATSU;APPLAUSE;Carro
91;DAIHATSU;CHARADE;Carro
92;DAIHATSU;CUORE;Carro
93;DAIHATSU;FEROZA;Carro
94;DAIHATSU;GRAN MOVE;Carro
95;DAIHATSU;MOVE VAN;Carro
96;DAIHATSU;TERIOS;Carro
97;DODGE;AVENGER;Carro
98;DODGE;DAKOTA;Carro
99;DODGE;JOURNEY;Carro
100;DODGE;RAM;Carro
101;DODGE;STEALTH;Carro
102;EFFA;M-100;Carro
103;EFFA;PLUTUS;Carro
104;EFFA;START;Carro
105;EFFA;ULC;Carro
106;ENGESA;ENGESA;Carro
107;ENVEMO;CAMPER;Carro
108;ENVEMO;MASTER;Carro
109;FERRARI;348;Carro
110;FERRARI;355;Carro
111;FERRARI;360;Carro
112;FERRARI;456;Carro
113;FERRARI;550;Carro
114;FERRARI;575M;Carro
115;FERRARI;612;Carro
116;FERRARI;CALIFORNIA;Carro
117;FERRARI;F430;Carro
118;FERRARI;F599;Carro
119;FIAT;147;Carro
120;FIAT;500;Carro
121;FIAT;BRAVA;Carro
122;FIAT;BRAVO;Carro
123;FIAT;COUPE;Carro
124;FIAT;DOBLO;Carro
125;FIAT;DUCATO CARGO;Carro
126;FIAT;DUNA;Carro
127;FIAT;ELBA;Carro
128;FIAT;FIORINO;Carro
129;FIAT;FREEMONT;Carro
130;FIAT;GRAND SIENA;Carro
131;FIAT;IDEA;Carro
132;FIAT;LINEA;Carro
133;FIAT;MAREA;Carro
134;FIAT;OGGI;Carro
135;FIAT;PALIO;Carro
136;FIAT;PANORAMA;Carro
137;FIAT;PREMIO;Carro
138;FIAT;PUNTO;Carro
139;FIAT;SIENA;Carro
140;FIAT;STILO;Carro
141;FIAT;STRADA;Carro
142;FIAT;TEMPRA;Carro
143;FIAT;TIPO;Carro
144;FIAT;UNO;Carro
145;FORD;AEROSTAR;Carro
146;FORD;ASPIRE;Carro
147;FORD;BELINA;Carro
148;FORD;CLUB WAGON;Carro
149;FORD;CONTOUR;Carro
150;FORD;CORCEL II;Carro
151;FORD;COURIER;Carro
152;FORD;CROWN VICTORIA;Carro
153;FORD;DEL REY;Carro
154;FORD;ECOSPORT;Carro
155;FORD;EDGE;Carro
156;FORD;ESCORT;Carro
157;FORD;EXPEDITION;Carro
158;FORD;EXPLORER;Carro
159;FORD;F-100;Carro
160;FORD;F-1000;Carro
161;FORD;F-150;Carro
162;FORD;F-250;Carro
163;FORD;FIESTA;Carro
164;FORD;FOCUS;Carro
165;FORD;FURGLAINE;Carro
166;FORD;FUSION;Carro
167;FORD;IBIZA;Carro
168;FORD;KA;Carro
169;FORD;MONDEO;Carro
170;FORD;MUSTANG;Carro
171;FORD;PAMPA;Carro
172;FORD;PROBE;Carro
173;FORD;RANGER;Carro
174;FORD;VERSAILLES ROYALE;Carro
175;FORD;TAURUS;Carro
176;FORD;THUNDERBIRD;Carro
177;FORD;TRANSIT;Carro
178;FORD;VERONA;Carro
179;FORD;VERSAILLES;Carro
180;FORD;WINDSTAR;Carro
181;CHEVROLET;A-10;Carro
182;CHEVROLET;A-20;Carro
183;CHEVROLET;AGILE;Carro
184;CHEVROLET;ASTRA;Carro
185;CHEVROLET;BLAZER;Carro
186;CHEVROLET;BONANZA;Carro
187;CHEVROLET;C-10;Carro
188;CHEVROLET;C-20;Carro
189;CHEVROLET;CALIBRA;Carro
190;CHEVROLET;CAMARO;Carro
191;CHEVROLET;CAPRICE;Carro
192;CHEVROLET;CAPTIVA;Carro
193;CHEVROLET;CARAVAN;Carro
194;CHEVROLET;CAVALIER;Carro
195;CHEVROLET;CELTA;Carro
196;CHEVROLET;CHEVY;Carro
197;CHEVROLET;CHEYNNE;Carro
198;CHEVROLET;COBALT;Carro
199;CHEVROLET;CORSA;Carro
200;CHEVROLET;CORVETTE;Carro
201;CHEVROLET;CRUZE;Carro
202;CHEVROLET;D-10;Carro
203;CHEVROLET;D-20;Carro
204;CHEVROLET;IPANEMA;Carro
205;CHEVROLET;KADETT;Carro
206;CHEVROLET;LUMINA;Carro
207;CHEVROLET;MALIBU;Carro
208;CHEVROLET;MERIVA;Carro
209;CHEVROLET;MONTANA;Carro
210;CHEVROLET;OMEGA;Carro
211;CHEVROLET;OPALA;Carro
212;CHEVROLET;PRISMA;Carro
213;CHEVROLET;S10;Carro
214;CHEVROLET;SILVERADO;Carro
215;CHEVROLET;SONIC;Carro
216;CHEVROLET;SONOMA;Carro
217;CHEVROLET;SPACEVAN;Carro
218;CHEVROLET;SS10;Carro
219;CHEVROLET;SUBURBAN;Carro
220;CHEVROLET;SYCLONE;Carro
221;CHEVROLET;TIGRA;Carro
222;CHEVROLET;TRACKER;Carro
223;CHEVROLET;TRAFIC;Carro
224;CHEVROLET;VECTRA;Carro
225;CHEVROLET;VERANEIO;Carro
226;CHEVROLET;ZAFIRA;Carro
227;GREAT WALL;HOVER;Carro
228;GURGEL;BR-800;Carro
229;GURGEL;CARAJAS;Carro
230;GURGEL;TOCANTINS;Carro
231;GURGEL;XAVANTE;Carro
232;GURGEL;VIP;Carro
233;HAFEI;TOWNER;Carro
234;HONDA;ACCORD;Carro
235;HONDA;CITY;Carro
236;HONDA;CIVIC;Carro
237;HONDA;CR-V;Carro
238;HONDA;FIT;Carro
239;HONDA;ODYSSEY;Carro
240;HONDA;PASSPORT;Carro
241;HONDA;PRELUDE;Carro
242;HYUNDAI;ACCENT;Carro
243;HYUNDAI;ATOS;Carro
244;HYUNDAI;AZERA;Carro
245;HYUNDAI;COUPE;Carro
246;HYUNDAI;ELANTRA;Carro
247;HYUNDAI;EXCEL;Carro
248;HYUNDAI;GALLOPER;Carro
249;HYUNDAI;GENESIS;Carro
250;HYUNDAI;H1;Carro
251;HYUNDAI;H100;Carro
252;HYUNDAI;HR;Caminhão
253;HYUNDAI;I30;Carro
254;HYUNDAI;IX35;Carro
255;HYUNDAI;MATRIX;Carro
256;HYUNDAI;PORTER;Carro
257;HYUNDAI;SANTA FE;Carro
258;HYUNDAI;SCOUPE;Carro
259;HYUNDAI;SONATA;Carro
260;HYUNDAI;TERRACAN;Carro
261;HYUNDAI;TRAJET;Carro
262;HYUNDAI;TUCSON;Carro
263;HYUNDAI;VELOSTER;Carro
264;HYUNDAI;VERACRUZ;Carro
265;ISUZU;AMIGO;Carro
266;ISUZU;HOMBRE;Carro
267;ISUZU;RODEO;Carro
268;JAC;J3;Carro
269;JAC;J5;Carro
270;JAC;J6;Carro
271;JAGUAR;DAIMLER;Carro
272;JAGUAR;S-TYPE;Carro
273;JAGUAR;X-TYPE;Carro
274;JAGUAR;MODELOS XJ;Carro
275;JAGUAR;MODELOS XK;Carro
276;JEEP;CHEROKEE;Carro
277;JEEP;COMMANDER;Carro
278;JEEP;COMPASS;Carro
279;JEEP;GRAND CHEROKEE;Carro
280;JEEP;WRANGLER;Carro
281;JINBEI;TOPIC VAN;Carro
282;JPX;JIPE MONTEZ;Carro
283;JPX;PICAPE MONTEZ;Carro
284;KIA;BESTA;Carro
285;KIA;BONGO;Carro
286;KIA;CADENZA;Carro
287;KIA;CARENS;Carro
288;KIA;CARNIVAL;Carro
289;KIA;CERATO;Carro
290;KIA;CERES;Carro
291;KIA;CLARUS;Carro
292;KIA;MAGENTIS;Carro
293;KIA;MOHAVE;Carro
294;KIA;OPIRUS;Carro
295;KIA;OPTIMA;Carro
296;KIA;PICANTO;Carro
297;KIA;SEPHIA;Carro
298;KIA;SHUMA;Carro
299;KIA;SORENTO;Carro
300;KIA;SOUL;Carro
301;KIA;SPORTAGE;Carro
302;LADA;LAIKA;Carro
303;LADA;NIVA;Carro
304;LADA;SAMARA;Carro
305;LAMBORGHINI;GALLARDO;Carro
306;LAMBORGHINI;MURCIELAGO;Carro
307;LAND ROVER;DEFENDER;Carro
308;LAND ROVER;DISCOVERY;Carro
309;LAND ROVER;FREELANDER;Carro
310;LAND ROVER;NEW RANGE;Carro
311;LAND ROVER;RANGE ROVER;Carro
312;LEXUS;ES;Carro
313;LEXUS;GS;Carro
314;LEXUS;IS-300;Carro
315;LEXUS;LS;Carro
316;LEXUS;RX;Carro
317;LEXUS;SC;Carro
318;LIFAN;320;Carro
319;LIFAN;620;Carro
320;LOBINI;H1;Carro
321;LOTUS;ELAN;Carro
322;LOTUS;ESPRIT;Carro
323;MAHINDRA;SCORPIO;Carro
324;MASERATI;222;Carro
325;MASERATI;228;Carro
326;MASERATI;3200;Carro
327;MASERATI;430;Carro
328;MASERATI;COUPE;Carro
329;MASERATI;GHIBLI;Carro
330;MASERATI;GRANCABRIO;Carro
331;MASERATI;GRANSPORT;Carro
332;MASERATI;GRANTURISMO;Carro
333;MASERATI;QUATTROPORTE;Carro
334;MASERATI;SHAMAL;Carro
335;MASERATI;SPIDER;Carro
336;MATRA;PICK-UP;Carro
337;MAZDA;323;Carro
338;MAZDA;626;Carro
339;MAZDA;929;Carro
340;MAZDA;B-2500;Carro
341;MAZDA;B2200;Carro
342;MAZDA;MILLENIA;Carro
343;MAZDA;MPV;Carro
344;MAZDA;MX-3;Carro
345;MAZDA;MX-5;Carro
346;MAZDA;NAVAJO;Carro
347;MAZDA;PROTEGE;Carro
348;MAZDA;RX;Carro
349;MERCEDES-BENZ;CLASSE A;Carro
350;MERCEDES-BENZ;CLASSE B;Carro
351;MERCEDES-BENZ;CLASSE R;Carro
352;MERCEDES-BENZ;CLASSE GLK;Carro
353;MERCEDES-BENZ;SPRINTER;Carro
354;MERCURY;MYSTIQUE;Carro
355;MERCURY;SABLE;Carro
356;MG;550;Carro
357;MG;MG6;Carro
358;MINI;COOPER;Carro
359;MINI;ONE;Carro
360;MITSUBISHI;3000;Carro
361;MITSUBISHI;AIRTREK;Carro
362;MITSUBISHI;ASX;Carro
363;MITSUBISHI;COLT;Carro
364;MITSUBISHI;DIAMANT;Carro
365;MITSUBISHI;ECLIPSE;Carro
366;MITSUBISHI;EXPO;Carro
367;MITSUBISHI;GALANT;Carro
368;MITSUBISHI;GRANDIS;Carro
369;MITSUBISHI;L200;Carro
370;MITSUBISHI;L300;Carro
371;MITSUBISHI;LANCER;Carro
372;MITSUBISHI;MIRAGE;Carro
373;MITSUBISHI;MONTERO;Carro
374;MITSUBISHI;OUTLANDER;Carro
375;MITSUBISHI;PAJERO;Carro
376;MITSUBISHI;SPACE WAGON;Carro
377;MIURA;BG-TRUCK;Carro
378;NISSAN;350Z;Carro
379;NISSAN;ALTIMA;Carro
380;NISSAN;AX;Carro
381;NISSAN;D-21;Carro
382;NISSAN;FRONTIER;Carro
383;NISSAN;KING-CAB;Carro
384;NISSAN;LIVINA;Carro
385;NISSAN;MARCH;Carro
386;NISSAN;MAXIMA;Carro
387;NISSAN;MURANO;Carro
388;NISSAN;NX;Carro
389;NISSAN;PATHFINDER;Carro
390;NISSAN;PRIMERA;Carro
391;NISSAN;QUEST;Carro
392;NISSAN;SENTRA;Carro
393;NISSAN;STANZA;Carro
394;NISSAN;180SX;Carro
395;NISSAN;TERRANO;Carro
396;NISSAN;TIIDA;Carro
397;NISSAN;VERSA;Carro
398;NISSAN;X-TRAIL;Carro
399;NISSAN;XTERRA;Carro
400;NISSAN;ZX;Carro
401;PEUGEOT;106;Carro
402;PEUGEOT;205;Carro
403;PEUGEOT;206;Carro
404;PEUGEOT;207;Carro
405;PEUGEOT;3008;Carro
406;PEUGEOT;306;Carro
407;PEUGEOT;307;Carro
408;PEUGEOT;308;Carro
409;PEUGEOT;405;Carro
410;PEUGEOT;406;Carro
411;PEUGEOT;407;Carro
412;PEUGEOT;408;Carro
413;PEUGEOT;504;Carro
414;PEUGEOT;505;Carro
415;PEUGEOT;508;Carro
416;PEUGEOT;605;Carro
417;PEUGEOT;607;Carro
418;PEUGEOT;806;Carro
419;PEUGEOT;807;Carro
420;PEUGEOT;BOXER;Carro
421;PEUGEOT;HOGGAR;Carro
422;PEUGEOT;PARTNER;Carro
423;PEUGEOT;RCZ;Carro
424;PLYMOUTH;GRAN VOYAGER;Carro
425;PLYMOUTH;SUNDANCE;Carro
426;PONTIAC;TRANS-AM;Carro
427;PONTIAC;TRANS-SPORT;Carro
428;PORSCHE;911;Carro
429;PORSCHE;BOXSTER;Carro
430;PORSCHE;CAYENNE;Carro
431;PORSCHE;CAYMAN;Carro
432;PORSCHE;PANAMERA;Carro
433;RENAULT;21 SEDAN;Carro
434;RENAULT;CLIO;Carro
435;RENAULT;DUSTER;Carro
436;RENAULT;EXPRESS;Carro
437;RENAULT;FLUENCE;Carro
438;RENAULT;KANGOO;Carro
439;RENAULT;LAGUNA;Carro
440;RENAULT;LOGAN;Carro
441;RENAULT;MASTER;Carro
442;RENAULT;MEGANE;Carro
443;RENAULT;SAFRANE;Carro
444;RENAULT;SANDERO;Carro
445;RENAULT;SCENIC;Carro
446;RENAULT;SYMBOL;Carro
447;RENAULT;TRAFIC;Carro
448;RENAULT;TWINGO;Carro
449;SAAB;9000;Carro
450;SATURN;SL-2;Carro
451;SEAT;CORDOBA;Carro
452;SEAT;IBIZA;Carro
453;SEAT;INCA;Carro
454;SMART;FORTWO;Carro
455;SSANGYONG;ACTYON SPORTS;Carro
456;SSANGYONG;CHAIRMAN;Carro
457;SSANGYONG;ISTANA;Carro
458;SSANGYONG;KORANDO;Carro
459;SSANGYONG;KYRON;Carro
460;SSANGYONG;MUSSO;Carro
461;SSANGYONG;REXTON;Carro
462;SUBARU;FORESTER;Carro
463;SUBARU;IMPREZA;Carro
464;SUBARU;LEGACY;Carro
465;SUBARU;OUTBACK;Carro
466;SUBARU;SVX;Carro
467;SUBARU;TRIBECA;Carro
468;SUBARU;VIVIO;Carro
469;SUZUKI;BALENO;Carro
470;SUZUKI;GRAND VITARA;Carro
471;SUZUKI;IGNIS;Carro
472;SUZUKI;JIMNY;Carro
473;SUZUKI;SUPER CARRY;Carro
474;SUZUKI;SWIFT;Carro
475;SUZUKI;SX4;Carro
476;SUZUKI;VITARA;Carro
477;SUZUKI;WAGON R;Carro
478;TAC;STARK;Carro
479;TOYOTA;AVALON;Carro
480;TOYOTA;BANDEIRANTE;Carro
481;TOYOTA;CAMRY;Carro
482;TOYOTA;CELICA;Carro
483;TOYOTA;COROLLA;Carro
484;TOYOTA;CORONA;Carro
485;TOYOTA;HILUX;Carro
486;TOYOTA;LAND CRUISER;Carro
487;TOYOTA;MR-2;Carro
488;TOYOTA;PASEO;Carro
489;TOYOTA;PREVIA;Carro
490;TOYOTA;RAV4;Carro
491;TOYOTA;SUPRA;Carro
492;TROLLER;PANTANAL;Carro
493;TROLLER;T-4;Carro
494;VOLVO;400 SERIES;Carro
495;VOLVO;850;Carro
496;VOLVO;900 SERIES;Carro
497;VOLKSWAGEN;AMAROK;Carro
498;VOLKSWAGEN;APOLLO;Carro
499;VOLKSWAGEN;BORA;Carro
500;VOLKSWAGEN;CARAVELLE;Carro
501;VOLKSWAGEN;CORRADO;Carro
502;VOLKSWAGEN;EOS;Carro
503;VOLKSWAGEN;EUROVAN;Carro
504;VOLKSWAGEN;FOX;Carro
505;VOLKSWAGEN;FUSCA;Carro
506;VOLKSWAGEN;GOL;Carro
507;VOLKSWAGEN;GOLF;Carro
508;VOLKSWAGEN;JETTA;Carro
509;VOLKSWAGEN;KOMBI;Carro
510;VOLKSWAGEN;LOGUS;Carro
511;VOLKSWAGEN;PARATI;Carro
512;VOLKSWAGEN;PASSAT;Carro
513;VOLKSWAGEN;POINTER;Carro
514;VOLKSWAGEN;POLO;Carro
515;VOLKSWAGEN;SANTANA;Carro
516;VOLKSWAGEN;SAVEIRO;Carro
517;VOLKSWAGEN;SPACEFOX;Carro
518;VOLKSWAGEN;TIGUAN;Carro
519;VOLKSWAGEN;TOUAREG;Carro
520;VOLKSWAGEN;VOYAGE;Carro
521;ACURA;ZDX;Carro
522;MERCEDES-BENZ;1113;Caminhão
523;MERCEDES-BENZ;1214;Caminhão
524;MERCEDES-BENZ;1318;Caminhão
525;FIAT;140;Carro
526;MERCEDES-BENZ;1519;Caminhão
527;MERCEDES-BENZ;1614;Caminhão
528;MERCEDES-BENZ;1620;Caminhão
529;AGRALE;7000D;Caminhão
530;MERCEDES-BENZ;709;Caminhão
531;MERCEDES-BENZ;710;Caminhão
532;MERCEDES-BENZ;912;Caminhão
533;MERCEDES-BENZ;2000;Caminhão
534;HONDA;BIZ;Moto
535;VOLKSWAGEN;BRASILIA;Carro
536;FORD;BRASILVAN;Carro
537;HONDA;CB 300R;Moto
538;HONDA;CB 400;Moto
539;HONDA;CB 500;Moto
540;HONDA;CB 600 HORNET;Moto
541;HONDA;CBR 1000F;Moto
542;HONDA;FIREBLADE CBR;Moto
543;HONDA;CBR 450;Moto
544;HONDA;CBR 600;Moto
545;HONDA;TWISTER CBX 250;Moto
546;HONDA;CBX 750F;Moto
547;HONDA;CG FAN;Moto
548;HONDA;CG TITAN;Moto
549;FORD;CORCEL;Carro
550;YAMAHA;CRYPTON T115;Moto
551;KASINSKI;CRZ;Moto
552;SUZUKI;V-STROM DL;Moto
553;YAMAHA;DT 200;Moto
554;AGRALE;ELEFANTRE;Moto
555;SUNDOWN;FUTURE;Moto
556;GARINNI;GR 500;Moto
557;GARINNI;GRI 50;Moto
558;SUZUKI;GSX;Moto
559;SUZUKI;GSX-R GIXXER/SRAD;Moto
560;YAMAHA;FAZER YS250;Moto
561;YAMAHA;FACTOR YBR125;Moto
562;YAMAHA;YZF R1;Moto
563;YAMAHA;VIRAGO 250;Moto
564;FIAT;PALIO WEEKEND;Carro
565;FORD;FOCUS SEDAN;Carro
566;FORD;FIESTA SEDAN;Carro
567;FORD;FIESTA TRAIL;Carro
568;PEUGEOT;207 SW;Carro
569;FORD;ESCORT SW;Carro
570;PEUGEOT;307 SEDAN;Carro
571;PEUGEOT;307 SW;Carro
572;CITROEN;C4 PALLAS;Carro
573;CITROEN;C4 PICASSO;Carro
574;CITROEN;C4 VTR;Carro
575;RENAULT;CLIO SEDAN;Carro
576;TOYOTA;COROLLA FIELDER;Carro
577;TOYOTA;HILUX SW4;Carro
578;RENAULT;MEGANE GRAND TOUR;Carro
579;RENAULT;SANDERO STEPWAY;Carro
580;CITROEN;XSARA PICASSO;Carro
581;AGRALE;CITY;Moto
582;AGRALE;DAKAR;Moto
583;AGRALE;ELEFANT;Moto
584;AGRALE;FORCE;Moto
585;AGRALE;JUNIOR;Moto
586;AGRALE;SST;Moto
587;AGRALE;SUPER CITY;Moto
588;AGRALE;SXT;Moto
589;AGRALE;TCHAU;Moto
590;AMAZONAS;AME-110;Moto
591;AMAZONAS;AME-150;Moto
592;AMAZONAS;AME-250;Moto
593;AMAZONAS;AME-LX;Moto
594;APRILIA;AREA-51;Moto
595;APRILIA;CLASSIC;Moto
596;APRILIA;LEONARDO;Moto
597;APRILIA;MOTO;Moto
598;APRILIA;PEGASO;Moto
599;APRILIA;RALLY;Moto
600;APRILIA;RS;Moto
601;APRILIA;RSV MILLE;Moto
602;APRILIA;RX;Moto
603;APRILIA;SCARABEO;Moto
604;APRILIA;SONIC;Moto
605;APRILIA;SR RACING;Moto
606;APRILIA;SR WWW;Moto
607;ATALA;CALIFFONE;Moto
608;ATALA;MASTER;Moto
609;ATALA;SKEGIA;Moto
610;BAJAJ;CHAMPION;Moto
611;BAJAJ;CLASSIC;Moto
612;BENELLI;TNT;Moto
613;BENELLI;TRE;Moto
614;BETA;MX-50;Moto
615;BIMOTA;DB4;Moto
616;BIMOTA;DB5R;Moto
617;BIMOTA;DB6;Moto
618;BIMOTA;DB6R;Moto
619;BIMOTA;DB7;Moto
620;BIMOTA;MANTRA;Moto
621;BIMOTA;SBR8;Moto
622;BIMOTA;TESI;Moto
623;BMW;G650GS;Moto
624;BMW;S1000RR;Moto
625;BRANDY;ELEGANT;Moto
626;BRANDY;FOSTI;Moto
627;BRANDY;PISTA;Moto
628;BRANDY;TURBO;Moto
629;BRANDY;ZANELLA;Moto
630;BRAVA;YB;Moto
631;BRP;CAN-AM;Moto
632;BUELL;1125;Moto
633;BUELL;FIREBOLT;Moto
634;BUELL;LIGHTNING;Moto
635;BUELL;ULYSSES;Moto
636;BUENO;JBR;Moto
637;CAGIVA;CANYON;Moto
638;CAGIVA;ELEFANT;Moto
639;CAGIVA;GRAN CANYON;Moto
640;CAGIVA;MITO;Moto
641;CAGIVA;NAVIGATOR;Moto
642;CAGIVA;PLANET;Moto
643;CAGIVA;ROADSTER;Moto
644;CAGIVA;V-RAPTOR;Moto
645;CAGIVA;W-16;Moto
646;MOBILETE;MOBILETE;Moto
647;DAELIM;ALTINO;Moto
648;DAELIM;MESSAGE;Moto
649;DAELIM;VC;Moto
650;DAELIM;VF;Moto
651;DAELIM;VS;Moto
652;DAELIM;VT;Moto
653;DAELIM;VX;Moto
654;DAFRA;APACHE;Moto
655;DAFRA;CITYCOM;Moto
656;DAFRA;KANSAS;Moto
657;DAFRA;LASER;Moto
658;DAFRA;NEXT;Moto
659;DAFRA;RIVA;Moto
660;DAFRA;ROADWIN;Moto
661;DAFRA;SMART;Moto
662;DAFRA;SPEED;Moto
663;DAFRA;SUPER;Moto
664;DAFRA;ZIG;Moto
665;DAYANG;DY100-31;Moto
666;DAYANG;DY110-20;Moto
667;DAYANG;DY125-18;Moto
668;DAYANG;DY125-36A;Moto
669;DAYANG;DY125-37;Moto
670;DAYANG;DY125-5;Moto
671;DAYANG;DY125-52;Moto
672;DAYANG;DY150-12;Moto
673;DAYANG;DY200;Moto
674;DAYUN;SUMMER;Moto
675;DAYUN;DY125-8;Moto
676;DAYUN;SPACE;Moto
677;DAYUN;PHANTON;Moto
678;DAYUN;CITY;Moto
679;DAYUN;DY150GY;Moto
680;DAYUN;CARGO 150;Moto
681;DAYUN;CARGO 200;Moto
682;DAYUN;DY250-2;Moto
683;DERBI;ATLANTIS;Moto
684;DERBI;GPR;Moto
685;DERBI;PREDATOR;Moto
686;DERBI;RED BULLET;Moto
687;DERBI;REPLICAS;Moto
688;DERBI;SENDA;Moto
689;DUCATI;1098;Moto
690;DUCATI;1198;Moto
691;DUCATI;749;Moto
692;DUCATI;848;Moto
693;DUCATI;996;Moto
694;DUCATI;998;Moto
695;DUCATI;999;Moto
696;DUCATI;999R;Moto
697;DUCATI;DESMOSEDICI;Moto
698;DUCATI;DIAVEL;Moto
699;DUCATI;HYPERMOTARD;Moto
700;DUCATI;MONSTER;Moto
701;DUCATI;MULTISTRADA;Moto
702;DUCATI;SPORTCLASSIC;Moto
703;DUCATI;SS;Moto
704;DUCATI;ST-2;Moto
705;DUCATI;ST-4;Moto
706;DUCATI;STREETFIGHTER;Moto
707;EMME;MIRAGE;Moto
708;EMME;ONE;Moto
709;EMME;ONE RACING;Moto
710;FYM;FY100-10A;Moto
711;FYM;FY125-19;Moto
712;FYM;FY125-20;Moto
713;FYM;FY125EY-2;Moto
714;FYM;FY125Y-3;Moto
715;FYM;FY150-3;Moto
716;FYM;FY150T-18;Moto
717;FYM;FY250;Moto
718;GARINNI;GR08T4;Moto
719;GARINNI;GR 125S/ST;Moto
720;GARINNI;GR125T3;Moto
721;GARINNI;GR125U;Moto
722;GARINNI;GR 125Z;Moto
723;GARINNI;GR 150P/PI;Moto
724;GARINNI;GR150ST;Moto
725;GARINNI;GR150T3;Moto
726;GARINNI;GR150TI;Moto
727;GARINNI;GR150U;Moto
728;GARINNI;GR250T3;Moto
729;GAS GAS;ENDUCROSS;Moto
730;GAS GAS;ROOKIE ENDURO;Moto
731;GAS GAS;BOY;Moto
732;GAS GAS;MC;Moto
733;GAS GAS;PAMPERA;Moto
734;GAS GAS;TX BOY;Moto
735;GAS GAS;TXT;Moto
736;GAS GAS;TXT ROOKIE;Moto
737;GREEN;EASY;Moto
738;GREEN;RUNNER;Moto
739;GREEN;SAFARI;Moto
740;GREEN;SPORT;Moto
741;HAOBAO;HB-110;Moto
742;HAOBAO;HB-125;Moto
743;HAOBAO;HB-150;Moto
744;HARLEY-DAVIDSON;SOFTAIL;Moto
745;HARLEY-DAVIDSON;TOURING ROAD KING;Moto
746;HARLEY-DAVIDSON;TOURING ELECTRA GLIDE;Moto
747;HARLEY-DAVIDSON;DYNA;Moto
748;HARLEY-DAVIDSON;V-ROD;Moto
749;HARTFORD;LEGION;Moto
750;HERO;ANKUR;Moto
751;HERO;PUCH;Moto
752;HERO;STREAM;Moto
753;HONDA;AMERICA;Moto
754;HONDA;CB 1000R;Moto
755;HONDA;CB 1300;Moto
756;HONDA;SUPERBLACKBIRD CBR 1100XX;Moto
757;HONDA;CBR 250;Moto
758;HONDA;AERO CBX 150;Moto
759;HONDA;STRADA CBX 200;Moto
760;HONDA;CH 125R;Moto
761;HONDA;CR 85;Moto
762;HONDA;GL GOLD WING;Moto
763;HONDA;LEAD;Moto
764;HONDA;MAGNA VF 750C;Moto
765;HONDA;NX 200/250;Moto
766;HONDA;NX 350 SAHARA;Moto
767;HONDA;NX 400 FALCON;Moto
768;HONDA;NXR BROS;Moto
769;HONDA;POP 100;Moto
770;HONDA;SUPER HAWK;Moto
771;HONDA;TRX;Moto
772;HONDA;VALKYRIE;Moto
773;HONDA;VFR 1200;Moto
774;HONDA;VTX;Moto
775;HONDA;VARADERO XL 1000V;Moto
776;HONDA;XL;Moto
777;HONDA;XL 700V TRANSALP;Moto
778;HONDA;XLR;Moto
779;HONDA;XLX;Moto
780;HONDA;VLR 350;Moto
781;HONDA;XR;Moto
782;HONDA;TORNADO XR 250;Moto
783;HONDA;XRE 300;Moto
784;HUSABERG;FE;Moto
785;HUSQVARNA;CR;Moto
786;HUSQVARNA;HUSQY;Moto
787;HUSQVARNA;SM;Moto
788;HUSQVARNA;SMR;Moto
789;HUSQVARNA;TC;Moto
790;HUSQVARNA;TE;Moto
791;HUSQVARNA;WR;Moto
792;HUSQVARNA;WRE;Moto
793;IROS;ACTION;Moto
794;IROS;BRAVE;Moto
795;IROS;MATRIX;Moto
796;IROS;MOVING;Moto
797;IROS;ONE;Moto
798;IROS;VINTAGE;Moto
799;IROS;WARRIOR;Moto
800;JIAPENG VOLCANO;JP;Moto
801;JOHNNYPAG;BARHOG;Moto
802;JOHNNYPAG;PROSTREET;Moto
803;JOHNNYPAG;SPYDER;Moto
804;JONNY;ATLANTIC;Moto
805;JONNY;HYPE;Moto
806;JONNY;JONNY;Moto
807;JONNY;ORBIT;Moto
808;JONNY;PEGASUS;Moto
809;JONNY;QUICK;Moto
810;JONNY;TR;Moto
811;KAHENA;TOP;Moto
812;KAHENA;DUAL;Moto
813;KASINSKI;COMET GT 650;Moto
814;KASINSKI;COMET GT-R 650;Moto
815;KASINSKI;CRUISE;Moto
816;KASINSKI;ERO;Moto
817;KASINSKI;FLASH;Moto
818;KASINSKI;FURIA;Moto
819;KASINSKI;GF;Moto
820;KASINSKI;MAGIK;Moto
821;KASINSKI;MIDAS;Moto
822;KASINSKI;MIRAGE;Moto
823;KASINSKI;MOTOKAR;Moto
824;KASINSKI;PRIMA;Moto
825;KASINSKI;RX;Moto
826;KASINSKI;SETA;Moto
827;KASINSKI;SOFT;Moto
828;KASINSKI;SUPER CAB;Moto
829;KASINSKI;TN;Moto
830;KASINSKI;WAY;Moto
831;KASINSKI;WIN;Moto
832;KAWASAKI;AVAJET;Moto
833;KAWASAKI;CONCOURS;Moto
834;KAWASAKI;D-TRACKER;Moto
835;KAWASAKI;ER-6N;Moto
836;KAWASAKI;KLX 110/140;Moto
837;KAWASAKI;KX 100/125;Moto
838;KAWASAKI;KZ;Moto
839;KAWASAKI;MAXI;Moto
840;KAWASAKI;NINJA 250;Moto
841;KAWASAKI;VERSYS;Moto
842;KAWASAKI;VOYAGER;Moto
843;KAWASAKI;VULCAN;Moto
844;KAWASAKI;ZZR;Moto
845;KIMCO;DJW;Moto
846;KIMCO;MBOY;Moto
847;KIMCO;PEOPLE;Moto
848;KIMCO;ZING;Moto
849;LAQUILA;AKROS;Moto
850;LAQUILA;ERGON;Moto
851;LAQUILA;NIX;Moto
852;LANDUM;MOTO TRUCK;Moto
853;LAVRALE;QUATTOR;Moto
854;LERIVO;FORMIGAO;Moto
855;LIFAN;CARGO;Moto
856;LON-V;DE LUXE;Moto
857;LON-V;E RETRO;Moto
858;LON-V;LY;Moto
859;TRICICLO;TRICICLO;Moto
860;MALAGUTI;CIAK;Moto
861;MALAGUTI;SPIDER;Moto
862;MIZA;DRAGO;Moto
863;MIZA;EASY;Moto
864;MIZA;FAST;Moto
865;MIZA;SKEMA;Moto
866;MIZA;VITE;Moto
867;MOTO GUZZI;CALIFORNIA;Moto
868;MOTO GUZZI;QUOTA;Moto
869;MOTO GUZZI;V11;Moto
870;MOTO GUZZI;LE MANS;Moto
871;MRX;230R;Moto
872;MV AUGUSTA;BRUTALE;Moto
873;MV AUGUSTA;F4;Moto
874;MVK;BIG FORCE;Moto
875;MVK;BLACK STAR;Moto
876;MVK;BRX;Moto
877;MVK;DUAL;Moto
878;MVK;FENIX GOLD;Moto
879;MVK;FOX;Moto
880;MVK;GO;Moto
881;MVK;HALLEY;Moto
882;MVK;FENIX;Moto
883;MVK;JURASIC;Moto
884;MVK;MA;Moto
885;MVK;SIMBA;Moto
886;MVK;SPORT;Moto
887;MVK;SPYDER;Moto
888;MVK;STREET;Moto
889;MVK;SUPER;Moto
890;MVK;XRT;Moto
891;ORCA;AX;Moto
892;ORCA;JC;Moto
893;ORCA;QM;Moto
894;PEGASSI;BR III;Moto
895;PEUGEOT;BUXY;Moto
896;PEUGEOT;ELYSEO;Moto
897;PEUGEOT;SCOOTELEC;Moto
898;PEUGEOT;SPEEDAKE;Moto
899;PEUGEOT;SPEEDFIGHT;Moto
900;PEUGEOT;SQUAB;Moto
901;PEUGEOT;TREKKER;Moto
902;PEUGEOT;VIVACITY;Moto
903;PEUGEOT;ZENITH;Moto
904;PIAGGIO;BEVERLY;Moto
905;PIAGGIO;LIBERTY;Moto
906;PIAGGIO;MP3;Moto
907;PIAGGIO;NRG;Moto
908;PIAGGIO;RUNNER;Moto
909;PIAGGIO;VESPA;Moto
910;PIAGGIO;ZIP;Moto
911;REGAL RAPTOR;BLACK JACK;Moto
912;REGAL RAPTOR;FENIX GOLD;Moto
913;REGAL RAPTOR;GHOST;Moto
914;REGAL RAPTOR;SPYDER;Moto
915;SANYANG;ENJOY;Moto
916;SANYANG;HUSKY;Moto
917;SANYANG;PASSING;Moto
918;SHINERAY;RACING 200;Moto
919;SIAMOTO;SCROSS;Moto
920;SUNDOWN;AKROS;Moto
921;SUNDOWN;ERGON;Moto
922;SUNDOWN;FIFTY;Moto
923;SUNDOWN;HUNTER;Moto
924;SUNDOWN;MAX;Moto
925;SUNDOWN;PALIO;Moto
926;SUNDOWN;PGO;Moto
927;SUNDOWN;STX;Moto
928;SUNDOWN;STX MOTARD;Moto
929;SUNDOWN;SUPER FIFTY;Moto
930;SUNDOWN;VBLADE;Moto
931;SUNDOWN;WEB;Moto
932;SUNDOWN;WEB EVO;Moto
933;SUZUKI;ADDRESS;Moto
934;SUZUKI;BANDIT 250;Moto
935;SUZUKI;BOULEVARD;Moto
936;SUZUKI;BURGMAN AN;Moto
937;SUZUKI;DR;Moto
938;SUZUKI;FREEWIND 650;Moto
939;SUZUKI;GS 500;Moto
940;SUZUKI;GSR;Moto
941;SUZUKI;INTRUDER;Moto
942;SUZUKI;KATANA;Moto
943;SUZUKI;LETS II;Moto
944;SUZUKI;LT;Moto
945;SUZUKI;MARAUDER GZ;Moto
946;SUZUKI;RF;Moto
947;SUZUKI;RM 250;Moto
948;SUZUKI;SAVAGE;Moto
949;SUZUKI;TL;Moto
950;SUZUKI;VX 800;Moto
951;TARGOS;TRIMOTO;Moto
952;TRAXX;CJ;Moto
953;TRAXX;JH;Moto
954;TRAXX;JL;Moto
955;TRAXX;STAR 50;Moto
956;TRAXX;WORK 125;Moto
957;TRAXX;SKY 125;Moto
958;TRAXX;FLY 135;Moto
959;TRAXX;BEST;Moto
960;TRIUMPH;ADVENTURER;Moto
961;TRIUMPH;BONNEVILLE;Moto
962;TRIUMPH;DAYTONA;Moto
963;TRIUMPH;LEGEND;Moto
964;TRIUMPH;ROCKET;Moto
965;TRIUMPH;SCRAMBLER;Moto
966;TRIUMPH;SPEED TRIPLE;Moto
967;TRIUMPH;SPRINT;Moto
968;TRIUMPH;STREET TRIPLE;Moto
969;TRIUMPH;THRUXTON;Moto
970;TRIUMPH;THUNDERBIRD;Moto
971;TRIUMPH;TIGER;Moto
972;TRIUMPH;TRIDENT;Moto
973;TRIUMPH;TROPHY;Moto
974;TRIUMPH;TT-600;Moto
975;VENTO;REBELLIAN;Moto
976;VENTO;TRITON;Moto
977;VENTO;VTHUNDER;Moto
978;WUYANG;WY;Moto
979;YAMAHA;AXIS;Moto
980;YAMAHA;BWS;Moto
981;YAMAHA;JOG;Moto
982;YAMAHA;MAJESTY;Moto
983;YAMAHA;MT-03;Moto
984;YAMAHA;NEO AT;Moto
985;YAMAHA;RD 135;Moto
986;YAMAHA;ROYAL STAR;Moto
987;YAMAHA;TDM;Moto
988;YAMAHA;TDR 180;Moto
989;YAMAHA;TRX;Moto
990;YAMAHA;TT-R;Moto
991;YAMAHA;V-MAX 1200;Moto
992;YAMAHA;WR 250F;Moto
993;YAMAHA;XJR;Moto
994;YAMAHA;XT 660R;Moto
995;YAMAHA;XTZ 125;Moto
996;YAMAHA;MIDNIGHT STAR XVS;Moto
997;YAMAHA;YFS;Moto
998;UTILITARIOS AGRICOLAS;COLHEITADEIRA;Carro
999;WILLYS OVERLAND;PICKUP F75;Carro
1000;GURGEL;X12;Carro
1001;SUZUKI;YES EN 125;Moto
1002;CHEVROLET;BEL AIR;Carro
1003;BMW;RX;Carro
1004;CHEVROLET;C-14;Carro
1005;CADILLAC;SRX4;Carro
1006;CHEVROLET;C-15;Carro
1007;CHEVROLET;BRASIL;Carro
1008;DODGE;POLARA;Carro
1009;FIAT;600;Carro
1010;FORD;F-01;Carro
1011;FORD;FALCON;Carro
1012;FORD;GALAXIE;Carro
1013;FORD;MAVERICK;Carro
1014;FORD;MODELO A;Carro
1015;FORD;NEW FIESTA;Carro
1016;INFINITI;LINHA FX;Carro
1017;PUMA;GTS;Carro
1018;HUMMER;H3;Carro
1019;HONDA;SHADOW;Moto
1020;HYUNDAI;PRIME;Carro
1021;HYUNDAI;TIBURON;Carro
1022;JEEP;JEEP;Carro
1023;JEEP;CJ5;Carro
1024;KARMANN GHIA;TC;Carro
1025;MERCEDES-BENZ;CLASSE CLC;Carro
1026;MERCEDES-BENZ;CLASSE CLS;Carro
1027;MERCURY;MONTEREY;Carro
1028;MIURA;TOPSPORT;Carro
1029;MIURA;TARGA;Carro
1030;MIURA;X8;Carro
1031;NISSAN;370Z;Carro
1032;PUMA;GTB;Carro
1033;PUMA;GTC;Carro
1034;PUMA;GTE;Carro
1035;MORRIS;AUSTIN;Carro
1036;RENAULT;7TL;Carro
1037;RENAULT;19;Carro
1038;SKODA;CONVERSÍVEL;Carro
1039;GURGEL;SUPERMINI;Carro
1040;VOLKSWAGEN;TL;Carro
1041;FIAT;TOPOLINO;Carro
1042;TOYOTA;SR5;Carro
1043;TOYOTA;VITZ;Carro
1044;VOLKSWAGEN;VARIANT;Carro
1045;X MOTOS;XM;Moto
1046;LAMBRETA;LAMBRETA;Moto
1047;TRAILER;TRAILER;Caminhão
1048;FORD;F-12000;Caminhão
1049;DKW-VEMAG;CANDANGO;Carro
1050;VOLKSWAGEN;SP2;Carro
1051;VOLKSWAGEN;MASCARELLO;Caminhão
1052;VOLKSWAGEN;GRANMICRO;Caminhão
1053;HANOMAG;RECORB;Carro
1054;VOLKSWAGEN;POLAUTO;Carro
1055;ONIBUS;ONIBUS;Caminhão
1056;UTILITARIOS PESADOS;GUINDASTE;Caminhão
1057;RENAULT;GORDINI;Carro
1058;HILLMAN;MINX;Carro
1059;UTILITARIOS PESADOS;EMPILHADEIRA;Caminhão
1060;SCOOTER;SCOOTER;Moto
1061;SCANIA;112;Caminhão
1062;AGRALE;10000;Caminhão
1063;AGRALE;13000;Caminhão
1064;AGRALE;14000;Caminhão
1065;AGRALE;1600;Caminhão
1066;AGRALE;1800;Caminhão
1067;AGRALE;4500;Caminhão
1068;AGRALE;5000;Caminhão
1069;AGRALE;6000;Caminhão
1070;AGRALE;7000;Caminhão
1071;AGRALE;7500;Caminhão
1072;AGRALE;8000;Caminhão
1073;AGRALE;8500;Caminhão
1074;AGRALE;8700;Caminhão
1075;AGRALE;9200;Caminhão
1076;CHEVROLET;D-12000;Caminhão
1077;CHEVROLET;D-13000;Caminhão
1078;CHEVROLET;D-14000;Caminhão
1079;CHEVROLET;19000;Caminhão
1080;CHEVROLET;21000;Caminhão
1081;CHEVROLET;22000;Caminhão
1082;CHEVROLET;D-6000;Caminhão
1083;CHEVROLET;C-60;Caminhão
1084;CHEVROLET;D-40;Caminhão
1085;CHEVROLET;D-60;Caminhão
1086;CHEVROLET;D-70;Caminhão
1087;EFFA;JBC;Caminhão
1088;EFFA;N601;Caminhão
1089;EFFA;N900;Caminhão
1090;FIAT;190;Caminhão
1091;FORD;CARGO;Caminhão
1092;FORD;F-11000;Caminhão
1093;FORD;F-13000;Caminhão
1094;FORD;F-14000;Caminhão
1095;FORD;F-16000;Caminhão
1096;FORD;F-19000;Caminhão
1097;FORD;F-2000;Caminhão
1098;FORD;F-21000;Caminhão
1099;FORD;F-22000;Caminhão
1100;FORD;F-350;Caminhão
1101;FORD;F-4;Caminhão
1102;FORD;F-4000;Caminhão
1103;FORD;F-7000;Caminhão
1104;FORD;F-MAXX;Caminhão
1105;CHEVROLET;12-170;Caminhão
1106;CHEVROLET;14-190;Caminhão
1107;CHEVROLET;15-190;Caminhão
1108;CHEVROLET;16-220;Caminhão
1109;CHEVROLET;3500;Caminhão
1110;CHEVROLET;5-90;Caminhão
1111;CHEVROLET;6-100;Caminhão
1112;CHEVROLET;6-150;Caminhão
1113;CHEVROLET;7-110;Caminhão
1114;HYUNDAI;HD78;Caminhão
1115;IVECO;CITYCLASS;Caminhão
1116;IVECO;CURSOR;Caminhão
1117;IVECO;DAILY;Caminhão
1118;IVECO;EUROCARGO;Caminhão
1119;IVECO;EUROTECH;Caminhão
1120;IVECO;EUROTRAKKER;Caminhão
1121;IVECO;POWERSTAR;Caminhão
1122;IVECO;STRALIS;Caminhão
1123;IVECO;TECTOR;Caminhão
1124;IVECO;TRAKKER;Caminhão
1125;IVECO;VERTIS;Caminhão
1126;MAN;TGX;Caminhão
1127;MERCEDES-BENZ;1114;Caminhão
1128;MERCEDES-BENZ;1215;Caminhão
1129;MERCEDES-BENZ;1218;Caminhão
1130;MERCEDES-BENZ;1414;Caminhão
1131;MERCEDES-BENZ;1420;Caminhão
1132;MERCEDES-BENZ;1714;Caminhão
1133;MERCEDES-BENZ;1720;Caminhão
1134;MERCEDES-BENZ;1721;Caminhão
1135;MERCEDES-BENZ;1723;Caminhão
1136;MERCEDES-BENZ;1938;Caminhão
1137;MERCEDES-BENZ;1944-S;Caminhão
1138;MERCEDES-BENZ;2038;Caminhão
1139;MERCEDES-BENZ;2418;Caminhão
1140;MERCEDES-BENZ;2423;Caminhão
1141;MERCEDES-BENZ;2638;Caminhão
1142;MERCEDES-BENZ;2726;Caminhão
1143;MERCEDES-BENZ;608;Caminhão
1144;MERCEDES-BENZ;708;Caminhão
1145;MERCEDES-BENZ;712;Caminhão
1146;MERCEDES-BENZ;914;Caminhão
1147;MERCEDES-BENZ;ACCELO;Caminhão
1148;MERCEDES-BENZ;ACTROS;Caminhão
1149;MERCEDES-BENZ;ATEGO;Caminhão
1150;MERCEDES-BENZ;ATILIS;Caminhão
1151;MERCEDES-BENZ;ATRON;Caminhão
1152;MERCEDES-BENZ;AXOR;Caminhão
1153;MERCEDES-BENZ;L-1117;Caminhão
1154;MERCEDES-BENZ;L-1118;Caminhão
1155;MERCEDES-BENZ;L-1313;Caminhão
1156;MERCEDES-BENZ;L-1314;Caminhão
1157;MERCEDES-BENZ;L-1317;Caminhão
1158;MERCEDES-BENZ;L-1319;Caminhão
1159;MERCEDES-BENZ;L-1514;Caminhão
1160;MERCEDES-BENZ;L-1517;Caminhão
1161;MERCEDES-BENZ;1520;Caminhão
1162;MERCEDES-BENZ;L-2014;Caminhão
1163;MERCEDES-BENZ;L-2017;Caminhão
1164;MERCEDES-BENZ;L-2213;Caminhão
1165;MERCEDES-BENZ;L-2214;Caminhão
1166;MERCEDES-BENZ;L-2215;Caminhão
1167;MERCEDES-BENZ;L-2216;Caminhão
1168;MERCEDES-BENZ;L-2217;Caminhão
1169;MERCEDES-BENZ;L-2220;Caminhão
1170;MERCEDES-BENZ;L-2225;Caminhão
1171;MERCEDES-BENZ;L-2314;Caminhão
1172;MERCEDES-BENZ;L-2318;Caminhão
1173;MERCEDES-BENZ;L-2325;Caminhão
1174;MERCEDES-BENZ;2635;Caminhão
1175;MERCEDES-BENZ;LS-1632;Caminhão
1176;MERCEDES-BENZ;LS-1941;Caminhão
1177;NAVISTAR;DURASTAR;Caminhão
1178;NAVISTAR;INTERNATIONAL;Caminhão
1179;PUMA;7900;Caminhão
1180;PUMA;9000;Caminhão
1181;PUMA;914;Caminhão
1182;SAAB;R-112;Caminhão
1183;SAAB;R-142;Caminhão
1184;SAAB;T-112;Caminhão
1185;SAAB;T-142;Caminhão
1186;SCANIA;380;Caminhão
1187;SCANIA;400;Caminhão
1188;SCANIA;420;Caminhão
1189;SCANIA;440;Caminhão
1190;SCANIA;470;Caminhão
1191;SCANIA;480;Caminhão
1192;SCANIA;111;Caminhão
1193;SCANIA;141;Caminhão
1194;SCANIA;114;Caminhão
1195;SCANIA;230;Caminhão
1196;SCANIA;P-250;Caminhão
1197;SCANIA;P-270;Caminhão
1198;SCANIA;P-310;Caminhão
1199;SCANIA;P-340;Caminhão
1200;SCANIA;93;Caminhão
1201;SCANIA;94;Caminhão
1202;SCANIA;143;Caminhão
1203;SCANIA;164;Caminhão
1204;SCANIA;R-500;Caminhão
1205;SCANIA;R-560;Caminhão
1206;SCANIA;R-580;Caminhão
1207;SCANIA;R-620;Caminhão
1208;SINOTRUK;HOWO;Caminhão
1209;VOLKSWAGEN;11-130;Caminhão
1210;VOLKSWAGEN;11-140;Caminhão
1211;VOLKSWAGEN;12-170;Caminhão
1212;VOLKSWAGEN;12-180;Caminhão
1213;VOLKSWAGEN;13-130;Caminhão
1214;VOLKSWAGEN;13-150;Caminhão
1215;VOLKSWAGEN;13-170;Caminhão
1216;VOLKSWAGEN;14-140;Caminhão
1217;VOLKSWAGEN;14-150;Caminhão
1218;VOLKSWAGEN;14-170;Caminhão
1219;VOLKSWAGEN;14-180;Caminhão
1220;VOLKSWAGEN;14-200;Caminhão
1221;VOLKSWAGEN;14-210;Caminhão
1222;VOLKSWAGEN;14-220;Caminhão
1223;VOLKSWAGEN;15-170;Caminhão
1224;VOLKSWAGEN;16-170;Caminhão
1225;VOLKSWAGEN;16-200;Caminhão
1226;VOLKSWAGEN;16-210;Caminhão
1227;VOLKSWAGEN;16-220;Caminhão
1228;VOLKSWAGEN;16-300;Caminhão
1229;VOLKSWAGEN;17-180;Caminhão
1230;VOLKSWAGEN;17-210;Caminhão
1231;VOLKSWAGEN;17-220;Caminhão
1232;VOLKSWAGEN;17-280;Caminhão
1233;VOLKSWAGEN;17-300;Caminhão
1234;VOLKSWAGEN;17-310;Caminhão
1235;VOLKSWAGEN;17-330;Caminhão
1236;VOLKSWAGEN;18-310;Caminhão
1237;VOLKSWAGEN;19-330;Caminhão
1238;VOLKSWAGEN;19-390;Caminhão
1239;VOLKSWAGEN;22-140;Caminhão
1240;VOLKSWAGEN;22-160;Caminhão
1241;VOLKSWAGEN;22-210;Caminhão
1242;VOLKSWAGEN;23-210;Caminhão
1243;VOLKSWAGEN;23-220;Caminhão
1244;VOLKSWAGEN;23-250;Caminhão
1245;VOLKSWAGEN;23-310;Caminhão
1246;VOLKSWAGEN;24-220;Caminhão
1247;VOLKSWAGEN;24-280;Caminhão
1248;VOLKSWAGEN;24-330;Caminhão
1249;VOLKSWAGEN;25-390;Caminhão
1250;VOLKSWAGEN;26-220;Caminhão
1251;VOLKSWAGEN;26-280;Caminhão
1252;VOLKSWAGEN;26-300;Caminhão
1253;VOLKSWAGEN;26-310;Caminhão
1254;VOLKSWAGEN;26-390;Caminhão
1255;VOLKSWAGEN;31-280;Caminhão
1256;VOLKSWAGEN;31-310;Caminhão
1257;VOLKSWAGEN;31-330;Caminhão
1258;VOLKSWAGEN;31-390;Caminhão
1259;VOLKSWAGEN;35-300;Caminhão
1260;VOLKSWAGEN;40-300;Caminhão
1261;VOLKSWAGEN;6-80;Caminhão
1262;VOLKSWAGEN;6-90;Caminhão
1263;VOLKSWAGEN;7-100;Caminhão
1264;VOLKSWAGEN;7-110;Caminhão
1265;VOLKSWAGEN;7-90;Caminhão
1266;VOLKSWAGEN;8-100;Caminhão
1267;VOLKSWAGEN;8-120;Caminhão
1268;VOLKSWAGEN;8-140;Caminhão
1269;VOLKSWAGEN;L-80;Caminhão
1270;VOLVO;FH SERIES;Caminhão
1271;VOLVO;FH GLOBETROTTER SERIES;Caminhão
1272;VOLVO;FM SERIES;Caminhão
1273;VOLVO;FMX SERIES;Caminhão
1274;VOLVO;N SERIES;Caminhão
1275;VOLVO;NH SERIES;Caminhão
1276;VOLVO;NL SERIES;Caminhão
1277;VOLVO;VM SERIES;Caminhão
1278;ADLY;ATV;Moto
1279;ADLY;JAGUAR;Moto
1280;ADLY;RT;Moto
1281;TOYOTA;ETIOS;Carro
1282;CHEVROLET;ONIX;Carro
1283;HYUNDAI;HB20;Carro
1284;BMW;330;Carro
1285;BMW;520;Carro
1286;BMW;730;Carro
1287;BMW;M1;Carro
1288;BMW;SERIE Z;Carro
1289;MERCEDES-BENZ;CLASSE SLK;Carro
1290;MERCEDES-BENZ;CLASSE C;Carro
1291;MERCEDES-BENZ;CLASSE E;Carro
1292;MERCEDES-BENZ;CLASSE CL;Carro
1293;MERCEDES-BENZ;CLASSE CLK;Carro
1294;MERCEDES-BENZ;CLASSE S;Carro
1295;MERCEDES-BENZ;CLASSE SL;Carro
1296;MERCEDES-BENZ;CLASSE SLS;Carro
1297;MERCEDES-BENZ;CLASSE G;Carro
1298;MERCEDES-BENZ;CLASSE GL;Carro
1299;MERCEDES-BENZ;CLASSE M;Carro
1300;VOLKSWAGEN;11-160;Caminhão
1301;VOLKSWAGEN;12-140;Caminhão
1302;VOLKSWAGEN;17-230;Caminhão
1303;VOLKSWAGEN;24-230;Caminhão
1304;VOLKSWAGEN;28-440;Caminhão
1305;VOLKSWAGEN;29-440;Caminhão
1306;VOLKSWAGEN;31-440;Caminhão
1307;VOLKSWAGEN;33-440;Caminhão
1308;VOLKSWAGEN;16-180;Caminhão
1309;VOLKSWAGEN;17-240;Caminhão
1310;VOLKSWAGEN;17-260;Caminhão
1311;VOLKSWAGEN;18-320;Caminhão
1312;VOLKSWAGEN;18-330;Caminhão
1313;VOLKSWAGEN;15-210;Caminhão
1314;ZONGSHEN;ZS 200;Moto
1315;BIRELLI;BW 125;Moto
1316;MERCEDES-BENZ;1516;Caminhão
1317;MERCEDES-BENZ;1935;Caminhão
1318;MERCEDES-BENZ;2555;Caminhão
1319;MERCEDES-BENZ;0-400;Caminhão
1320;SCHIFFER;BI-TREM;Caminhão
1321;GUERRA;BITREM;Caminhão
1322;MERCEDES-BENZ;1513;Caminhão
1323;CHEVROLET;D-1200;Caminhão
1324;FORD;F-3500;Caminhão
1325;FORD;F-600;Caminhão
1326;MERCEDES-BENZ;2219;Caminhão
1327;MERCEDES-BENZ;1313;Caminhão
1328;IVECO;35-10;Caminhão
1329;HRG;1500;Carro
1330;CHEVROLET;MARTA-ROCHA;Caminhão
1331;MERCEDES-BENZ;1929;Caminhão
1332;KART;KART;Moto
1333;SCANIA;124;Caminhão
1334;MERCEDES-BENZ;1618;Caminhão
1335;MERCEDES-BENZ;1934;Caminhão
1336;MERCEDES-BENZ;1924;Caminhão
1337;MERCEDES-BENZ;1634;Caminhão
1338;HONDA;DREAM;Moto
1339;YAMAHA;RX;Moto
1340;FORD;F-400;Caminhão
1341;HYUNDAI;EQUUS;Carro
1342;MOTOR-HOME;MOTOR-HOME;Caminhão
1343;MICHIGAN;PA CARREGADEIRA;Caminhão
1344;WALK MACHINE;WALK MACHINE;Moto
1345;LAMBORGHINI;350 GT;Carro
1346;LAMBORGHINI;400 GT;Carro
1347;LAMBORGHINI;MIURA;Carro
1348;LAMBORGHINI;ISLERO;Carro
1349;LAMBORGHINI;ESPADA;Carro
1350;LAMBORGHINI;COUNTACH;Carro
1351;LAMBORGHINI;DIABLO;Carro
1352;LAMBORGHINI;ZAGATO;Carro
1353;LAMBORGHINI;ALAR;Carro
1354;LAMBORGHINI;LM002;Carro
1355;LAMBORGHINI;REVENTON;Carro
1356;LAMBORGHINI;ANKONIAN;Carro
1357;LAMBORGHINI;AVENTADOR;Carro
1358;LAMBORGHINI;SESTO ELEMENTO;Carro
1359;JAC;J3 TURIN;Carro
1360;JAC;J2;Carro
1361;RENAULT;SANDERO GT;Carro
1362;ONIBUS;MICRO-ONIBUS;Caminhão
1363;CHEVROLET;SPIN;Carro
1364;CHEVROLET;TRAILBLAZER;Carro
1365;CITROEN;C3 PICASSO;Carro
1366;CITROEN;GRAND C4 PICASSO;Carro
1367;CITROEN;JUMPER MINIBUS;Carro
1368;CITROEN;JUMPER VETRATO;Carro
1369;PEUGEOT;207 SEDAN;Carro
1370;PEUGEOT;207 QUIKSILVER;Carro
1371;PEUGEOT;207 ESCAPADE;Carro
1372;PEUGEOT;308 CC;Carro
1373;PEUGEOT;BOXER PASSAGEIRO;Carro
1374;FORD;NEW FIESTA SEDAN;Carro
1375;FORD;TRANSIT PASSAGEIRO;Carro
1376;FORD;TRANSIT CHASSI;Carro
1377;AUDI;A4 AVANT;Carro
1378;AUDI;S4 AVANT;Carro
1379;AUDI;A5 SPORTBACK;Carro
1380;AUDI;A5 CABRIOLET;Carro
1381;AUDI;S5 COUPE;Carro
1382;AUDI;S5 SPORTBACK;Carro
1383;AUDI;S5 CABRIOLET;Carro
1384;AUDI;A6 AVANT;Carro
1385;AUDI;A6 ALLROAD;Carro
1386;AUDI;S6 AVANT;Carro
1387;AUDI;S7;Carro
1388;AUDI;TT ROADSTER;Carro
1389;AUDI;TT RS;Carro
1390;AUDI;TT RS ROADSTER;Carro
1391;AUDI;TTS ROADSTER;Carro
1392;AUDI;R8 SPYDER;Carro
1393;AUDI;R8 GT;Carro
1394;AUDI;R8 GT SPYDER;Carro
1395;FERRARI;F12;Carro
1396;FERRARI;458 SPIDER;Carro
1397;FERRARI;458 ITALIA;Carro
1398;FERRARI;FF;Carro
1399;FERRARI;599;Carro
1400;FERRARI;SA;Carro
1401;FERRARI;CHALLENGE;Carro
1402;FERRARI;SUPERAMERICA;Carro
1403;FERRARI;F430 SPIDER;Carro
1404;FERRARI;430;Carro
1405;FERRARI;612 SESSANTA;Carro
1406;FERRARI;599 GTB;Carro
1407;FERRARI;SCUDERIA SPIDER;Carro
1408;FERRARI;512;Carro
1409;FERRARI;456 GT;Carro
1410;FERRARI;348 GTS;Carro
1411;FERRARI;348 SPIDER;Carro
1412;FERRARI;F355;Carro
1413;FERRARI;F355 SPIDER;Carro
1414;FERRARI;F50;Carro
1415;FERRARI;355 SPIDER;Carro
1416;FERRARI;360 MODENA;Carro
1417;MITSUBISHI;PAJERO FULL;Carro
1418;MITSUBISHI;PAJERO DAKAR;Carro
1419;MITSUBISHI;PAJERO TR4;Carro
1420;MITSUBISHI;LANCER SPORTBACK;Carro
1421;MITSUBISHI;LANCER EVOLUTION;Carro
1422;MITSUBISHI;L200 TRITON SAVANA;Carro
1423;MITSUBISHI;L200 TRITON;Carro
1424;NISSAN;LIVINA X-GEAR;Carro
1425;NISSAN;GRAND LIVINA;Carro
1426;SSANGYONG;NEW ACTYON SPORTS;Carro
1427;TOYOTA;PRIUS;Carro
1428;MIURA;SPORT;Carro
1429;MIURA;MTS;Carro
1430;MIURA;SPIDER;Carro
1431;MIURA;KABRIO;Carro
1432;MIURA;SAGA;Carro
1433;MIURA;SAGA II;Carro
1434;MIURA;787;Carro
1435;MIURA;X11;Carro
1436;GAIOLA;GAIOLA;Carro
1437;HONDA;HERO;Moto
1438;HONDA;NC 700X;Moto
1439;YAMAHA;DRAG STAR;Moto
1440;DODGE;NITRO;Carro
1441;DODGE;CHALLENGER;Carro
1442;DODGE;DART;Carro
1443;DODGE;LE BARON;Carro
1444;DODGE;CORDOBA;Carro
1445;DODGE;CHARGER;Carro
1446;CHRYSLER;WINDSOR;Carro
1447;CHRYSLER;CROSSFIRE;Carro
1448;CHRYSLER;CORDOBA;Carro
1449;CADILLAC;ESCALADE;Carro
1450;BUICK;RIVIERA;Carro
1451;BUICK;COUPE;Carro
1452;BUICK;CENTURY;Carro
1453;BUICK;APOLLO;Carro
1454;BUICK;CENTURION;Carro
1455;BUICK;EIGHT;Carro
1456;BUICK;ELECTRA;Carro
1457;BUICK;ESTATE WAGON;Carro
1458;BUICK;GRAN SPORT;Carro
1459;BUICK;GSX;Carro
1460;BUICK;INVICTA;Carro
1461;BUICK;LESABRE;Carro
1462;BUICK;LIMITED;Carro
1463;BUICK;PARK AVENUE;Carro
1464;BUICK;RAINIER;Carro
1465;BUICK;REATTA;Carro
1466;BUICK;REGAL;Carro
1467;BUICK;RENDEZVOUS;Carro
1468;BUICK;ROADMASTER;Carro
1469;BUICK;ROYAUM;Carro
1470;BUICK;SKYHAWK;Carro
1471;BUICK;SKYLARK;Carro
1472;BUICK;SOMERSET;Carro
1473;BUICK;SPECIAL;Carro
1474;BUICK;SPORT WAGON;Carro
1475;BUICK;SUPER;Carro
1476;BUICK;TERRAZA;Carro
1477;BUICK;WILDCAT;Carro
1478;BUICK;LACROSSE;Carro
1479;BUICK;ENCLAVE;Carro
1480;BUICK;GL8;Carro
1481;BUICK;HRV;Carro
1482;BUICK;LUCERNE;Carro
1483;KAWASAKI;BAIO;Moto
1484;KAWASAKI;KDX;Moto
1485;SUZUKI;B-KING GSX 1300;Moto
1486;SCANIA;113;Caminhão
1487;ZONGSHEN;125 ZS;Moto
1488;FORD;SIERRA;Carro
1489;DAEWOO;BROUGHAM;Carro
1490;DAEWOO;CHAIRMAN;Carro
1491;DAEWOO;DAMAS;Carro
1492;DAEWOO;GENTRA;Carro
1493;DAEWOO;MAEPSY;Carro
1494;DAEWOO;ISTANA;Carro
1495;DAEWOO;KALOS;Carro
1496;DAEWOO;KORANDO;Carro
1497;DAEWOO;LACETTI;Carro
1498;DAEWOO;LEMANS;Carro
1499;DAEWOO;MATIZ;Carro
1500;DAEWOO;MUSSO;Carro
1501;DAEWOO;NEXIA;Carro
1502;DAEWOO;REZZO;Carro
1503;DAEWOO;ROYALE PRINCE;Carro
1504;DAEWOO;ROYALE SALON;Carro
1505;DAEWOO;STATESMAN;Carro
1506;DAEWOO;TOSCA;Carro
1507;DAEWOO;WINSTORM;Carro
1508;WILLYS OVERLAND;RURAL;Carro
1509;DODGE;D100;Carro
1510;MERCEDES-BENZ;1525;Caminhão
1511;MERCEDES-BENZ;2621;Caminhão
1512;MERCEDES-BENZ;170;Carro
1513;DODGE;CUSTOM ROYAL;Carro
1514;CHEVROLET;CLUB COUPE;Carro
1515;DODGE;MAGNUM;Carro
1516;CHEVROLET;GMC 100;Carro
1517;PONTIAC;SOLSTICE;Carro
1518;WILLYS OVERLAND;ITAMARATY;Carro
1519;JAGUAR;MARK V;Carro
1520;PUMA;GT;Carro
1521;STUDEBAKER;CHAMPION;Carro
1522;FIAT;BALILLA;Carro
1523;WILLYS OVERLAND;INTERLAGOS;Carro
1524;GURGEL;X15;Carro
1525;FORD;F-85;Carro
1526;PORSCHE;SPEEDSTER 356;Carro
1527;JINBEI;TOPIC FURGAO;Carro
1528;JINBEI;TOPIC ESCOLAR;Carro
1529;MERCEDES-BENZ;300D;Carro
1530;MERCEDES-BENZ;CLASSE TE;Carro
1531;TOYOTA;T-100;Carro
1532;APRILIA;SR;Moto
1533;DAYANG;DY50;Moto
1534;JONNY;NAKED;Moto
1535;JONNY;RACER;Moto
1536;JONNY;TEXAS;Moto
1537;HONDA;CRF 110/150;Moto
1538;RENAULT;MEGANE SEDAN;Carro
1539;AUDI;A4 CABRIOLET;Carro
1540;FIAT;210;Caminhão
1541;INFINITI;LINHA G;Carro
1542;INFINITI;LINHA G COUPE;Carro
1543;INFINITI;LINHA G CONVERSIVEL;Carro
1544;INFINITI;LINHA M;Carro
1545;INFINITI;LINHA EX;Carro
1546;INFINITI;LINHA JX;Carro
1547;INFINITI;LINHA QX;Carro
1548;JAGUAR;MODELOS XF;Carro
1549;JAGUAR;F-TYPE;Carro
1550;JAGUAR;MARK VII;Carro
1551;JAGUAR;MARK VIII;Carro
1552;JAGUAR;MARK IX;Carro
1553;JAGUAR;MARK X;Carro
1554;JAGUAR;E-TYPE;Carro
1555;JAGUAR;C-TYPE;Carro
1556;JAGUAR;D-TYPE;Carro
1557;JAGUAR;MARK I;Carro
1558;JAGUAR;MARK II;Carro
1559;YAMAHA;XJ6;Moto
1560;YAMAHA;LANDER XTZ 250;Moto
1561;YAMAHA;ALBA;Moto
1562;YAMAHA;FROG;Moto
1563;YAMAHA;LIBERO;Moto
1564;YAMAHA;GLADIATOR;Moto
1565;YAMAHA;MEST;Moto
1566;YAMAHA;ECCY;Moto
1567;YAMAHA;PASSOL;Moto
1568;YAMAHA;EC-02;Moto
1569;YAMAHA;YZ 85LW;Moto
1570;YAMAHA;V-STAR;Moto
1571;YAMAHA;PAS;Moto
1572;YAMAHA;AEROX;Moto
1573;YAMAHA;MORPHOUS;Moto
1574;YAMAHA;XF50X;Moto
1575;YAMAHA;LAGEND;Moto
1576;YAMAHA;TZR;Moto
1577;YAMAHA;QT50;Moto
1578;PUMA;GT4R;Carro
1579;PUMA;SPYDER;Carro
1580;PUMA;GTI;Carro
1581;PUMA;AM1;Carro
1582;PUMA;AM2;Carro
1583;PUMA;AM3;Carro
1584;PUMA;AM4;Carro
1585;PUMA;AMV;Carro
1586;SCANIA;110;Caminhão
1587;SCANIA;LK-140;Caminhão
1588;SCANIA;L-80;Caminhão
1589;SCANIA;B-110;Caminhão
1590;SCANIA;BR-115;Caminhão
1591;SCANIA;B-111;Caminhão
1592;SCANIA;BR-116;Caminhão
1593;SCANIA;81;Caminhão
1594;SCANIA;82;Caminhão
1595;SCANIA;92;Caminhão
1596;SCANIA;142;Caminhão
1597;SCANIA;144;Caminhão
1598;SCANIA;L-71;Caminhão
1599;SCANIA;L-75;Caminhão
1600;SCANIA;L-76;Caminhão
1601;SCANIA;P-330;Caminhão
1602;TRAXX;SHARK;Moto
1603;HONDA;ACTY;Carro
1604;HONDA;AIRWAVE;Carro
1605;HONDA;ASCOT;Carro
1606;HONDA;BALLADE;Carro
1607;HONDA;BEAT;Carro
1608;HONDA;CR-X;Carro
1609;HONDA;CONCERTO;Carro
1610;HONDA;CR-Z;Carro
1611;HONDA;DOMANI;Carro
1612;HONDA;EDIX;Carro
1613;HONDA;ELEMENT;Carro
1614;HONDA;EV PLUS;Carro
1615;HONDA;FCX;Carro
1616;HONDA;FR-V;Carro
1617;HONDA;FURY;Moto
1618;HONDA;HR-V;Carro
1619;HONDA;HSC;Carro
1620;HONDA;INSIGHT;Carro
1621;ACURA;TL;Carro
1622;HONDA;LIFE DUNK;Carro
1623;HONDA;LOGO;Carro
1624;HONDA;MOBILIO;Carro
1625;ACURA;MDX;Carro
1626;HONDA;ORTHIA;Carro
1627;HONDA;PARTNER VAN;Carro
1628;HONDA;PILOT;Carro
1629;HONDA;RIDGELINE;Carro
1630;HONDA;S2000;Carro
1631;HONDA;S600;Carro
1632;HONDA;S500;Carro
1633;HONDA;S800;Carro
1634;HONDA;STEPWGN;Carro
1635;HONDA;STREAM;Carro
1636;HONDA;THATS;Carro
1637;HONDA;VAMOZ;Carro
1638;HONDA;Z;Carro
1639;HONDA;ZEST;Carro
1640;HONDA;STUNNER;Moto
1641;HONDA;CB 50;Moto
1642;HONDA;BOLDOR CB 900;Moto
1643;HONDA;CBF 600;Moto
1644;HONDA;CBR 400RR;Moto
1645;HONDA;CBX 1000;Moto
1646;HONDA;CD 125;Moto
1647;HONDA;ML 125;Moto
1648;HONDA;NSR 500;Moto
1649;HONDA;RC;Moto
1650;HONDA;PAN-EUROPEAN ST;Moto
1651;HONDA;TURUNA 125;Moto
1652;HONDA;VTR;Moto
1653;HONDA;AFRICA TWIN XRV 750;Moto
1654;FBM;MZ 250;Moto
1655;FBM;KAPRA;Moto
1656;FBM;RALLYE;Moto
1657;FBM;PASSEIO;Moto
1658;SUZUKI;AERIO;Carro
1659;SUZUKI;ALTO;Carro
1660;SUZUKI;APV;Carro
1661;SUZUKI;KEI;Carro
1662;SUZUKI;LAPIN;Carro
1663;SUZUKI;MR WAGON;Carro
1664;SUZUKI;XL-7;Carro
1665;SUZUKI;VERONA;Carro
1666;SUZUKI;BANDIT 400;Moto
1667;SUZUKI;BANDIT 600;Moto
1668;SUZUKI;BANDIT GSF 750;Moto
1669;SUZUKI;BANDIT 1200;Moto
1670;SUZUKI;HAYABUSA;Moto
1671;SUZUKI;INTRUDER CUSTOM;Moto
1672;SUZUKI;RV;Moto
1673;SUZUKI;SV;Moto
1674;SUZUKI;MARAUDER VZ;Moto
1675;HONDA;CG CARGO/JOB;Moto
1676;AGRALE;EXPLORER;Moto
1677;FORD;F-750;Caminhão
1678;MERCEDES-BENZ;1625;Caminhão
1679;KAWASAKI;ELIMINATOR;Moto
1680;KAWASAKI;GTR;Moto
1681;KAWASAKI;KLE;Moto
1682;KAWASAKI;KLR;Moto
1683;KAWASAKI;SUPER SHERPA;Moto
1684;KAWASAKI;ZRX;Moto
1685;KAWASAKI;ZR;Moto
1686;KAWASAKI;NINJA 1400;Moto
1687;YAMAHA;FS1;Moto
1688;HAOBAO;HB-50;Moto
1689;WILLYS OVERLAND;JEEP CJ;Carro
1690;MERCEDES-BENZ;2013;Caminhão
1691;PEUGEOT;306 CABRIOLET;Carro
1692;HONDA;PC 50;Moto
1693;HONDA;CG 125;Moto
1694;MERCEDES-BENZ;312;Caminhão
1695;DKW-VEMAG;BELCAR;Carro
1696;KAISER;M715;Carro
1697;IVECO;80S;Caminhão
1698;FORD;F-6;Caminhão
1699;HONDA;PACIFIC COAST;Moto
1700;PEUGEOT;407 SW;Carro
1701;PEUGEOT;307 CC;Carro
1702;HONDA;CG TODAY;Moto
1703;SUZUKI;GT;Moto
1704;SCANIA;490;Caminhão
1705;CHEVROLET;STYLELINE;Carro
1706;FORD;ANGLIA;Carro
1707;YAMAHA;FZR1000;Moto
1708;SUZUKI;GSI;Moto
1709;KAHENA;AMAZONAS;Moto
1710;FNM;180;Caminhão
1711;MERCEDES-BENZ;1622;Caminhão
1712;MERCEDES-BENZ;1524;Caminhão
1713;ADAMO;GT2;Carro
1714;CHEVROLET;YUKON;Carro
1715;DE SOTO;SPORTSMAN;Carro
1716;HONDA;CB 125;Moto
1717;MERCEDES-BENZ;1630;Caminhão
1718;MERCEDES-BENZ;1932;Caminhão
1719;RENAULT;21 NEVADA;Carro
1720;BUGATTI;VEYRON;Carro
1721;FERRARI;ENZO;Carro
1722;PEUGEOT;306 SW;Carro
1723;SHINERAY;PHOENIX 50;Moto
1724;SHINERAY;INDIANAPOLIS 200;Moto
1725;SHINERAY;F35/F40;Moto
1726;SHINERAY;X2 250;Moto
1727;SHINERAY;MAX 150;Moto
1728;SHINERAY;NEW WAVE 125;Moto
1729;SHINERAY;EXPLORER 150;Moto
1730;YAMAHA;XS400;Moto
1731;YAMAHA;RD 350 VIUVA NEGRA;Moto
1732;ALFA ROMEO;TI 80;Carro
1733;SHINERAY;XY 250;Moto
1734;MERCEDES-BENZ;1316;Caminhão
1735;PORSCHE;SPYDER 550;Carro
1736;FERRARI;380 GTB;Carro
1737;TROLLER;T-5;Carro
1738;SCANIA;133;Caminhão
1739;DODGE;KINGSWAY;Carro
1740;CHEVROLET;SSR;Carro
1741;CHEVROLET;MATRA;Caminhão
1742;MERCEDES-BENZ;1111;Caminhão
1743;CHEVROLET;IMPALA;Carro
1744;PEUGEOT;208;Carro
1745;CHEVROLET;GRAND BLAZER;Carro
1746;SUZUKI;JOB;Moto
1747;ARIEL;RED HUNTER;Moto
1748;ARIEL;W/NG;Moto
1749;ARIEL;M2F;Moto
1750;ARIEL;GOLDEN ARROW;Moto
1751;CHEVROLET;COE;Caminhão
1752;FORD;COE;Caminhão
1753;FIAT;130;Caminhão
1754;FORD;F-8;Caminhão
1755;SUZUKI;AE 50;Moto
1756;VOLVO;100 SERIES;Carro
1757;VOLVO;200 SERIES;Carro
1758;VOLVO;300 SERIES;Carro
1759;VOLVO;66;Carro
1760;VOLVO;700 SERIES;Carro
1761;VOLVO;AMAZON;Carro
1762;VOLVO;C303;Carro
1763;VOLVO;DUETT;Carro
1764;VOLVO;L3314;Carro
1765;VOLVO;OV 4;Carro
1766;VOLVO;P1800;Carro
1767;VOLVO;SUGGA;Carro
1768;FORD;TT;Carro
1769;CITROEN;ONCE;Carro
1770;FORD;DE LUXE;Carro
1771;FORD;CUSTOM;Carro
1772;FORD;T-BUCKET;Carro
1773;GURGEL;G15;Carro
1774;VOLKSWAGEN;CONSTELLATION;Caminhão
1775;VOLKSWAGEN;DELIVERY;Caminhão
1776;VOLKSWAGEN;WORKER;Caminhão
1777;MITSUBISHI;PAJERO FULL 3D;Carro
1778;MITSUBISHI;PAJERO SPORT;Carro
1779;BMW;120 CABRIO;Carro
1780;BMW;320 TOURING;Carro
1781;BMW;330 CABRIO;Carro
1782;BMW;SERIE 5 TOURING;Carro
1783;BMW;SERIE 6 CABRIO;Carro
1784;BMW;SERIE M CONVERSIVEL;Carro
1785;BMW;M5 TOURING;Carro
1786;BMW;SERIE Z ROADSTER;Carro
1787;FORD;KA SPORT;Carro
1788;VOLKSWAGEN;CC;Carro
1789;MERCEDES-BENZ;321;Caminhão
1790;MERCEDES-BENZ;1317;Caminhão
1791;FIAT;180;Caminhão
1792;KIA;CERATO KOUP;Carro
1793;CHEVROLET;ASTRO;Carro
1794;TOYOTA;COROLLA XRS;Carro
1795;TOYOTA;ETIOS SEDAN;Carro
1796;FORD;FREESTYLE;Carro
1797;MERCURY;COUGAR;Carro
1798;MAHINDRA;XUV 500;Carro
1799;MAHINDRA;RODEO;Moto
1800;MAHINDRA;DURO;Moto
1801;MAHINDRA;XYLO;Carro
1802;MAHINDRA;BOLERO;Carro
1803;MAHINDRA;THAR;Carro
1804;MAHINDRA;AXE;Carro
1805;MAHINDRA;LEGEND;Carro
1806;JEEP;CJ3;Carro
1807;MAHINDRA;ARMADA;Carro
1808;MAHINDRA;CHASSI;Carro
1809;MAHINDRA;SCORPIO PICK-UP;Carro
1810;CHANA;STAR TRUCK;Carro
1811;CHANA;STAR;Carro
1812;CHANA;STAR VAN CARGO;Carro
1813;CHANA;STAR VAN PASSAGEIROS;Carro
1814;HONDA;DUTY;Moto
1815;SIMCA;ALVORADA;Carro
1816;SIMCA;CHAMBORD;Carro
1817;SIMCA;PROFISSIONAL;Carro
1818;SIMCA;VEDETTE;Carro
1819;SIMCA;ARONDE;Carro
1820;SIMCA;1200S;Carro
1821;SIMCA;1000;Carro
1822;HYUNDAI;HB20X;Carro
1823;HYUNDAI;HB20S;Carro
1824;CHEVROLET;MONZA;Carro
1825;CHEVROLET;CHEVETTE;Carro
1826;LIFAN;X60;Carro
1827;CHEVROLET;TRAX;Carro
1828;BMW;118;Carro
1829;BMW;120;Carro
1830;BMW;130;Carro
1831;BMW;BAVARIA;Carro
1832;BMW;C-2800;Carro
1833;BMW;318;Carro
1834;BMW;320;Carro
1835;BMW;318 CABRIO;Carro
1836;BMW;325 CABRIO;Carro
1837;BMW;530;Carro
1838;BMW;540;Carro
1839;BMW;550;Carro
1840;BMW;740;Carro
1841;BMW;750;Carro
1842;BMW;760;Carro
1843;DUCAR;150;Moto
1844;DITALLY;WAKE 500;Moto
1845;DITALLY;OUTCROSS;Moto
1846;DITALLY;JOY PLUS;Moto
1847;DITALLY;PASSION;Moto
1848;DITALLY;TREND;Moto
1849;DITALLY;PIT BULL;Moto
1850;DITALLY;BRUTTUS;Moto
1851;DITALLY;MATRIX 4X4;Carro
1852;MARVA;UFO 50;Moto
1853;MARVA;LF250ST;Moto
1854;MARVA;FOX 150R;Moto
1855;MARVA;LF400ST;Moto
1856;MARVA;VR 150 WIND;Moto
1857;MARVA;HERCULES 200;Moto
1858;MARVA;ONIX 50R;Moto
1859;MARVA;HS 150 FIRE;Moto
1860;SHINERAY;JET 50;Moto
1861;SHINERAY;RETRO 50;Moto
1862;SHINERAY;NEW 50;Moto
1863;SHINERAY;EAGLE 50;Moto
1864;SHINERAY;SUPER SMART 50;Moto
1865;SHINERAY;NEW 200;Moto
1866;SHINERAY;CARGO 200;Moto
1867;SHINERAY;BRAVO 200;Moto
1868;SHINERAY;STRONG 250;Moto
1869;SHINERAY;FUTURE 150;Moto
1870;SHINERAY;A7;Carro
1871;SHINERAY;A9;Carro
1872;SHINERAY;A9 CARGO;Carro
1873;SHINERAY;T20;Carro
1874;SHINERAY;T20 BAU;Carro
1875;SHINERAY;T22;Carro
1876;WOLVER;KN 150;Moto
1877;WOLVER;KN 125 S;Moto
1878;WOLVER;KN 50 S;Moto
1879;IROS;IZY 50;Moto
1880;ENVEMO;SUPER 90 COUPE;Carro
1881;GURGEL;X20;Carro
1882;GURGEL;ITAIPU;Carro
1883;GURGEL;G800;Carro
1884;GURGEL;XEF;Carro
1885;GURGEL;MOTOMACHINE;Carro
1886;GURGEL;BUGATO;Carro
1887;GURGEL;QT;Carro
1888;UTILITARIOS PESADOS;ESCAVADEIRA;Caminhão
1889;UTILITARIOS PESADOS;MUNCK;Caminhão
1890;UTILITARIOS PESADOS;GUINCHO;Caminhão
1891;UTILITARIOS PESADOS;CARREGADEIRA;Caminhão
1892;DKW-VEMAG;CAICARA;Carro
1893;DKW-VEMAG;CARCARA;Carro
1894;DKW-VEMAG;FISSORE;Carro
1895;DKW-VEMAG;MALZONI;Carro
1896;DKW-VEMAG;VEMAGUET;Carro
1897;HONDA;PCX;Moto
1898;UTILITARIOS PESADOS;MOTONIVELADORA;Caminhão
1899;MERCEDES-BENZ;2213;Caminhão
1900;CITROEN;C4 LOUNGE;Carro
1901;MAZDA;CX-7;Carro
1902;TANGER;TR;Carro
1903;TANGER;LUCENA;Carro
1904;TANGER;SEVETSE;Carro
1905;TANGER;RAGGE;Carro
1906;VOLVO;C70;Carro
1907;VOLVO;C30;Carro
1908;VOLVO;544;Carro
1909;VOLVO;S40;Carro
1910;VOLVO;S60;Carro
1911;VOLVO;S70;Carro
1912;VOLVO;S80;Carro
1913;VOLVO;V40;Carro
1914;VOLVO;V50;Carro
1915;VOLVO;V60;Carro
1916;VOLVO;V70;Carro
1917;VOLVO;S90;Carro
1918;VOLVO;XC60;Carro
1919;VOLVO;XC70;Carro
1920;VOLVO;XC90;Carro
1921;VOLVO;P1900;Carro
1922;VOLVO;PV36;Carro
1923;VOLVO;PV444;Carro
1924;VOLVO;PV544;Carro
1925;VOLVO;PV51;Carro
1926;VOLVO;PV654;Carro
1927;VOLVO;C50;Carro
1928;MERCEDES-BENZ;190;Carro
1929;MERCEDES-BENZ;CLASSE CLA;Carro
1930;MERCEDES-BENZ;CLASSE V;Carro
1931;MERCEDES-BENZ;VANEO;Carro
1932;MERCEDES-BENZ;CITAN;Carro
1933;MERCEDES-BENZ;VARIO;Carro
1934;MERCEDES-BENZ;CLASSE S CLASSICO;Carro
1935;BMW;AIRHEAD;Moto
1936;BMW;C1;Moto
1937;BMW;F650GS;Moto
1938;BMW;F650CS;Moto
1939;BMW;F800GS;Moto
1940;BMW;K75;Moto
1941;BMW;K100;Moto
1942;BMW;K1200R;Moto
1943;BMW;K1300R;Moto
1944;BMW;K1200GT;Moto
1945;BMW;K1300GT;Moto
1946;BMW;K1200GS;Moto
1947;BMW;K1200S;Moto
1948;BMW;R32;Moto
1949;BMW;R51/3;Moto
1950;BMW;R27;Moto
1951;BMW;R60;Moto
1952;BMW;R75;Moto
1953;BMW;R75/5;Moto
1954;BMW;R90S;Moto
1955;BMW;R1200C;Moto
1956;BMW;R1150GS;Moto
1957;BMW;R1200RT;Moto
1958;JAC;J3S;Carro
1959;RELY;PICK-UP;Carro
1960;RELY;VAN;Carro
1961;HARLEY-DAVIDSON;SPORTSTER;Moto
1962;HARLEY-DAVIDSON;TOURING STREET GLIDE;Moto
1963;CITROEN;C3 SOLARIS;Carro
1964;CITROEN;C3 XTR;Carro
1965;CITROEN;C4 SOLARIS;Carro
1966;CITROEN;C5 BREAK/TOURER;Carro
1967;CITROEN;XSARA BREAK;Carro
1968;CITROEN;XSARA VTS;Carro
1969;CITROEN;XANTIA BREAK;Carro
1970;CITROEN;XM BREAK;Carro
1971;CITROEN;C15;Carro
1972;CITROEN;NEMO;Carro
1973;CITROEN;VISA;Carro
1974;CITROEN;C1;Carro
1975;CITROEN;C2;Carro
1976;CITROEN;C3 PLURIEL;Carro
1977;CITROEN;DS4;Carro
1978;CITROEN;DS5;Carro
1979;CITROEN;JUMPY;Carro
1980;CITROEN;C-CROSSER;Carro
1981;CITROEN;C35;Carro
1982;CITROEN;C25;Carro
1983;CITROEN;CX;Carro
1984;CITROEN;CX BREAK;Carro
1985;CITROEN;AXEL;Carro
1986;CITROEN;DYANE;Carro
1987;CITROEN;GS/GSA;Carro
1988;CITROEN;GS/GSA BREAK;Carro
1989;CITROEN;MEHARI;Carro
1990;CITROEN;SAXO;Carro
1991;CITROEN;SM;Carro
1992;CITROEN;ELYSEE;Carro
1993;RENAULT;MASTER MINIBUS;Carro
1994;CHERY;CELER;Carro
1995;CHERY;CELER SEDAN;Carro
1996;CHERY;CIELO SEDAN;Carro
1997;AUDI;A1 SPORTBACK;Carro
1998;AUDI;A1 QUATTRO;Carro
1999;AUDI;A3 SPORTBACK;Carro
2000;AUDI;RS4 AVANT;Carro
2001;AUDI;A8L W12;Carro
2002;AUDI;R8 V10;Carro
2003;FORD;RANGER CD;Carro
2004;JAC;T140;Carro
2005;BMW;X1;Carro
2006;BMW;X3;Carro
2007;BMW;X5;Carro
2008;BMW;X6;Carro
2009;BMW;840;Carro
2010;BMW;850;Carro
2011;BMW;645;Carro
2012;BMW;650;Carro
2013;HONDA;FIT TWIST;Carro
2014;MCLAREN;MP4;Carro
2015;MCLAREN;F1;Carro
2016;FORD;MONDEO SW;Carro
2017;FORD;ESCORT SEDAN;Carro
2018;FORD;ESCORT CONVERSIVEL;Carro
2019;MAZDA;MX-6;Carro
2020;CHEVROLET;CORISCO;Carro
2021;CHEVROLET;CHEVELLE;Carro
2022;FORD;EXCURSION;Carro
2023;VOLKSWAGEN;TOURAN;Carro
2024;UTILITARIOS PESADOS;TANQUE;Caminhão
2025;FORD;F-10000;Carro
2026;PEUGEOT;HOGGAR ESCAPADE;Carro
2027;UTILITARIOS PESADOS;POLIGUINDASTE;Caminhão
2028;MERCEDES-BENZ;1621;Caminhão
2029;FORD;F-8000;Caminhão
2030;MAN;24250;Caminhão
2031;MERCEDES-BENZ;1632;Caminhão
2032;UTILITARIOS PESADOS;PERFURATRIZ;Caminhão
2033;FORD;PHAETON;Carro
2034;YAMAHA;XTZ 250 TENERE;Moto
2035;YAMAHA;XT 225;Moto
2036;YAMAHA;XT 660Z TENERE;Moto
2037;YAMAHA;XT 1200Z SUPER TENERE;Moto
2038;TRAXX;MOBY 50;Moto
2039;TRAXX;JOTO 135;Moto
2040;TRAXX;MONTEZ 250;Moto
2041;TRAXX;DUNNA 600;Moto
2042;TRAXX;VICO;Moto
2043;VOLKSWAGEN;TRANSPORTER;Carro
2044;KIA;GRAND BESTA;Carro
2045;NISSAN;200SX;Carro
2046;NISSAN;240SX;Carro
2047;MERCEDES-BENZ;180;Caminhão
2048;MERCEDES-BENZ;1517;Caminhão
2049;CHRYSLER;300M;Carro
2050;CHRYSLER;300C TOURING;Carro
2051;YAMAHA;FAZER FZ6;Moto
2052;YAMAHA;FAZER YS150;Moto
2053;YAMAHA;FAZER FZ1;Moto
2054;YAMAHA;YZF 600R;Moto
2055;YAMAHA;YZF R6;Moto
2056;FORD;TORINO;Carro
2057;CHEVROLET;C-65;Caminhão
2058;CHEVROLET;D-11000;Caminhão
2059;CHEVROLET;VENTURE;Carro
2060;CHEVROLET;FLEETLINE;Carro
2061;CHEVROLET;FLEETMASTER;Carro
2062;CHEVROLET;DELUXE;Carro
2063;FORD;ESCORT XR3;Carro
2064;CHEVROLET;MASTER;Carro
2065;OLDSMOBILE;TORONADO;Carro
2066;OLDSMOBILE;SIX;Carro
2067;OLDSMOBILE;EIGHT;Carro
2068;OLDSMOBILE;DELUXE;Carro
2069;OLDSMOBILE;SERIES 60;Carro
2070;OLDSMOBILE;SERIES 70;Carro
2071;OLDSMOBILE;SERIES 80;Carro
2072;OLDSMOBILE;SERIES 90;Carro
2073;OLDSMOBILE;STARFIRE;Carro
2074;OLDSMOBILE;442;Carro
2075;OLDSMOBILE;CUTLASS;Carro
2076;OLDSMOBILE;CUTLASS SUPREME;Carro
2077;OLDSMOBILE;CUTLASS SALON;Carro
2078;OLDSMOBILE;CUTLASS CALAIS;Carro
2079;OLDSMOBILE;CUTLASS CIERA;Carro
2080;OLDSMOBILE;CUSTOM CRUISER;Carro
2081;OLDSMOBILE;VISTA CRUISER;Carro
2082;OLDSMOBILE;F-85;Carro
2083;OLDSMOBILE;FIRENZA;Carro
2084;OLDSMOBILE;ACHIEVA;Carro
2085;OLDSMOBILE;ALERO;Carro
2086;OLDSMOBILE;AURORA;Carro
2087;OLDSMOBILE;BRAVADA;Carro
2088;OLDSMOBILE;INTRIGUE;Carro
2089;OLDSMOBILE;SILHOUETTE;Carro
2090;CHEVROLET;D-65;Caminhão
2091;HONDA;CRF 230/250;Moto
2092;HONDA;CRF 450;Moto
2093;HONDA;NX 650 DOMINATOR;Moto
2094;HONDA;CR 250;Moto
2095;HONDA;CR 125;Moto
2096;VOLVO;FL SERIES;Caminhão
2097;PLYMOUTH;SUPERBIRD;Carro
2098;PLYMOUTH;FURY;Carro
2099;PLYMOUTH;SPECIAL;Carro
2100;PLYMOUTH;PROWLER;Carro
2101;PLYMOUTH;TRAIL DUSTER;Carro
2102;PLYMOUTH;VOYAGER;Carro
2103;PLYMOUTH;SCAMP;Carro
2104;PLYMOUTH;ARROW;Carro
2105;PLYMOUTH;PT50;Carro
2106;PLYMOUTH;PT57;Carro
2107;PLYMOUTH;PT81;Carro
2108;PLYMOUTH;PT105;Carro
2109;PLYMOUTH;PT125;Carro
2110;PLYMOUTH;EXPRESS;Carro
2111;PLYMOUTH;VOYAGER EXPRESSO;Carro
2112;PLYMOUTH;NEON;Carro
2113;PLYMOUTH;LASER;Carro
2114;PLYMOUTH;CARAVELLE;Carro
2115;PLYMOUTH;STATION WAGON;Carro
2116;PLYMOUTH;MODEL Q;Carro
2117;PLYMOUTH;MODEL P6;Carro
2118;ASTON MARTIN;DB9 COUPE;Carro
2119;ASTON MARTIN;DB9 VOLANTE;Carro
2120;ASTON MARTIN;VIRAGE COUPE;Carro
2121;ASTON MARTIN;RAPIDE S;Carro
2122;ASTON MARTIN;V12 VANTAGE;Carro
2123;ASTON MARTIN;V8 VANTAGE COUPE;Carro
2124;ASTON MARTIN;V8 VANTAGE ROADSTER;Carro
2125;ASTON MARTIN;V8 VANTAGE S COUPE;Carro
2126;ASTON MARTIN;V8 VANTAGE S ROADSTER;Carro
2127;ASTON MARTIN;VANQUISH COUPE;Carro
2128;ASTON MARTIN;VANQUISH VOLANTE;Carro
2129;ASTON MARTIN;V12 ZAGATO;Carro
2130;ASTON MARTIN;DB5;Carro
2131;ASTON MARTIN;DBS;Carro
2132;ASTON MARTIN;DBS VOLANTE;Carro
2133;ASTON MARTIN;CYGNET;Carro
2134;ASTON MARTIN;ONE-77;Carro
2135;ASTON MARTIN;DBR9;Carro
2136;BMW;M3;Carro
2137;BMW;M5;Carro
2138;BMW;M6;Carro
2139;BMW;X6 M;Carro
2140;MINI;CABRIO;Carro
2141;MINI;COUPE;Carro
2142;MINI;ROADSTER;Carro
2143;MINI;COUNTRYMAN;Carro
2144;MINI;PACEMAN;Carro
2145;MINI;JOHN COOPER WORKS;Carro
2146;PAGANI;ZONDA;Carro
2147;SUBARU;NEW XV;Carro
2148;SUBARU;IMPREZA WRX HATCH;Carro
2149;SUBARU;IMPREZA WRX STI HATCH;Carro
2150;SUBARU;IMPREZA WRX STI SEDAN;Carro
2151;SUBARU;IMPREZA WRX SEDAN;Carro
2152;BULL;HB;Moto
2153;TOYOTA;ETIOS CROSS;Carro
2154;LAMBORGHINI;HURACAN;Carro
2155;VOLKSWAGEN;UP;Carro
2156;DAYUN;EXPLORER;Carro
2157;CAN-AM;OUTLANDER 400;Moto
2158;CAN-AM;OUTLANDER 500;Moto
2159;CAN-AM;OUTLANDER 650;Moto
2160;CAN-AM;OUTLANDER 800R;Moto
2161;CAN-AM;OUTLANDER MAX 400;Moto
2162;CAN-AM;OUTLANDER MAX 500;Moto
2163;CAN-AM;OUTLANDER MAX 650;Moto
2164;CAN-AM;OUTLANDER MAX 800R;Moto
2165;CAN-AM;OUTLANDER MAX LTD 800R;Moto
2166;CAN-AM;RENEGADE 500;Moto
2167;CAN-AM;RENEGADE 800R;Moto
2168;CAN-AM;DS 250;Moto
2169;CAN-AM;DS 450;Moto
2170;CAN-AM;DS 90;Moto
2171;CAN-AM;RT;Moto
2172;CAN-AM;RS;Moto
2173;KAWASAKI;NINJA 1000;Moto
2174;KAWASAKI;NINJA 600;Moto
2175;KAWASAKI;NINJA 300;Moto
2176;KAWASAKI;NINJA 1100;Moto
2177;KAWASAKI;NINJA 900;Moto
2178;KAWASAKI;NINJA 700;Moto
2179;KAWASAKI;NINJA 1200;Moto
2180;KAWASAKI;Z1000;Moto
2181;KAWASAKI;Z750;Moto
2182;KAWASAKI;Z800;Moto
2183;KAWASAKI;VERSYS CITY;Moto
2184;KAWASAKI;VERSYS GRAND TOURER;Moto
2185;KAWASAKI;VERSYS TOURER;Moto
2186;KAWASAKI;VERSYS 1000;Moto
2187;KAWASAKI;KX 450/500;Moto
2188;KAWASAKI;KX 250;Moto
2189;KAWASAKI;KX 65/85;Moto
2190;KAWASAKI;KLX 400/450;Moto
2191;KAWASAKI;KLX 250/300;Moto
2192;YAMAHA;TMAX;Moto
2193;YAMAHA;YFM 700R;Moto
2194;YAMAHA;GRIZZLY;Moto
2195;KTM;50 SX;Moto
2196;KTM;65 SX;Moto
2197;KTM;85 SX;Moto
2198;KTM;125 SX;Moto
2199;KTM;150 SX;Moto
2200;KTM;250 SX;Moto
2201;KTM;350 SX;Moto
2202;KTM;450 SX-F;Moto
2203;KTM;350 EXC;Moto
2204;KTM;500 EXC;Moto
2205;KTM;150 XC;Moto
2206;KTM;250 XC;Moto
2207;KTM;300 XC;Moto
2208;KTM;450 XC-F/W;Moto
2209;KTM;200 XC;Moto
2210;KTM;690 ENDURO R;Moto
2211;KTM;1190 ADVENTURE;Moto
2212;KTM;990 SM T;Moto
2213;KTM;990 ADVENTURE BAJA;Moto
2214;KTM;690 DUKE;Moto
2215;KTM;1190 RC8 R;Moto
2216;ACELLERA;ACX 250F;Moto
2217;ACELLERA;HOTZOO SPORT 90;Moto
2218;ACELLERA;SPORTLANDER 150R;Moto
2219;ACELLERA;SPORTLANDER 250XR;Moto
2220;ACELLERA;SPORTLANDER 350ZX;Moto
2221;ACELLERA;SPORTLANDER 450TR;Moto
2222;ACELLERA;QUADRILANDER 300;Moto
2223;ACELLERA;QUADRILANDER 400;Moto
2224;ACELLERA;QUADRILANDER 600;Moto
2225;ACELLERA;FRONTLANDER 500;Moto
2226;ACELLERA;FRONTLANDER 800 EFI;Moto
2227;KTM;525 XC;Moto
2228;KTM;505 SX;Moto
2229;KTM;450 XC;Moto
2230;KTM;450 SX;Moto
2231;SHINERAY;VENICE 50;Moto
2232;SHINERAY;LIBERTY 50;Moto
2233;SHINERAY;BIKE 50;Moto
2234;SHINERAY;JET 125;Moto
2235;SHINERAY;CUSTOM 250;Moto
2236;SHINERAY;DISCOVER 250;Moto
2237;POLARIS;RZR 570;Moto
2238;POLARIS;RZR 800;Moto
2239;POLARIS;RZR 800 XC;Moto
2240;POLARIS;RZR S 800;Moto
2241;POLARIS;RZR 900;Moto
2242;POLARIS;RZR XP 1000;Moto
2243;POLARIS;RZR 4 800;Moto
2244;POLARIS;RZR 4 900;Moto
2245;POLARIS;RZR 4 1000;Moto
2246;POLARIS;RANGER 6X6;Moto
2247;POLARIS;RANGER 800;Moto
2248;POLARIS;RANGER DIESEL;Moto
2249;POLARIS;RANGER XP 900;Moto
2250;POLARIS;RANGER 400;Moto
2251;POLARIS;RANGER 570;Moto
2252;POLARIS;RANGER 800 MIDSIZE;Moto
2253;POLARIS;RANGER EV;Moto
2254;POLARIS;RANGER CREW 570;Moto
2255;POLARIS;RANGER CREW 800;Moto
2256;POLARIS;RANGER CREW DIESEL;Moto
2257;POLARIS;RANGER CREW 900;Moto
2258;POLARIS;SPORTSMAN 550 EPS;Moto
2259;POLARIS;SPORTSMAN 570;Moto
2260;POLARIS;SPORTSMAN 400 HO;Moto
2261;POLARIS;SPORTSMAN WV850 HO;Moto
2262;POLARIS;SPORTSMAN XP 850;Moto
2263;POLARIS;SPORTSMAN 800 EFI;Moto
2264;POLARIS;SPORTSMAN BIG BOSS 6X6 800;Moto
2265;POLARIS;SCRAMBLER XP 850 HO;Moto
2266;POLARIS;SCRAMBLER XP 1000 EPS;Moto
2267;POLARIS;SPORTSMAN TOURING 850;Moto
2268;POLARIS;SPORTSMAN TOURING 570;Moto
2269;POLARIS;SPORTSMAN TOURING 550;Moto
2270;POLARIS;SPORTSMAN X2 550;Moto
2271;POLARIS;PHOENIX 200;Moto
2272;POLARIS;RZR 170;Moto
2273;POLARIS;OUTLAW 90;Moto
2274;POLARIS;SPORTSMAN 90;Moto
2275;POLARIS;OUTLAW 50;Moto
2276;POLARIS;BRUTUS;Moto
2277;VICTORY;CROSS ROADS 8-BALL;Moto
2278;VICTORY;CROSS ROADS CLASSIC;Moto
2279;VICTORY;CROSS COUNTRY 8-BALL;Moto
2280;VICTORY;CROSS COUNTRY;Moto
2281;VICTORY;NESS CROSS COUNTRY;Moto
2282;VICTORY;VISION TOUR;Moto
2283;VICTORY;CROSS COUNTRY TOUR;Moto
2284;VICTORY;CROSS COUNTRY TOUR ANNIVERSARY;Moto
2285;VICTORY;VEGAS 8-BALL;Moto
2286;VICTORY;HIGH-BALL;Moto
2287;VICTORY;HAMMER 8-BALL;Moto
2288;VICTORY;BOARDWALK;Moto
2289;VICTORY;JACKPOT;Moto
2290;VICTORY;JUDGE;Moto
2291;VICTORY;ZACH NESS CROSS COUNTRY;Moto
2292;VICTORY;HARD-BALL;Moto
2293;VICTORY;NESS VISION;Moto
2294;VICTORY;CORY NESS CROSS COUNTRY TOUR;Moto
2295;INDIAN;CHIEF CLASSIC;Moto
2296;INDIAN;CHIEF VINTAGE;Moto
2297;INDIAN;CHIEFTAIN;Moto
2298;LIFAN;COOL STAR 125;Moto
2299;LIFAN;X3;Moto
2300;LIFAN;JOJO 110;Moto
2301;LIFAN;CC125;Moto
2302;LIFAN;CC150;Moto
2303;LIFAN;KP150F;Moto
2304;LIFAN;LF100;Moto
2305;LIFAN;PK125;Moto
2306;LIFAN;POWER KING;Moto
2307;LIFAN;CROSS;Moto
2308;LIFAN;GLOW 110S;Moto
2309;LIFAN;KP150;Moto
2310;LIFAN;POWER MAN 250;Moto
2311;LIFAN;HIKER;Moto
2312;LIFAN;IV;Moto
2313;LIFAN;STEED 250;Moto
2314;LIFAN;TRAVELLER;Moto
2315;LIFAN;TB125;Moto
2316;LIFAN;PK110F;Moto
2317;LIFAN;LF125;Moto
2318;LIFAN;LF125;Moto
2319;BRAVAX;F2 PLUS;Moto
2320;BRAVAX;SUPER F2;Moto
2321;BRAVAX;SUPER F1;Moto
2322;BRAVAX;SUPER F3;Moto
2323;BRAVAX;BVX 125;Moto
2324;BRAVAX;BVX 130 STREET;Moto
2325;BRAVAX;BVX 150 S1;Moto
2326;BRAVAX;TR 150 D6;Moto
2327;BRAVAX;AX 200;Moto
2328;BRAVAX;BVX 200;Moto
2329;BRAVAX;BX 260;Moto
2330;BRAVAX;BR 250 D1;Moto
2331;BRAVAX;CARGO 260;Moto
2332;KASINSKI;COMET GT 250;Moto
2333;KASINSKI;COMET GT-R 250;Moto
2334;YAMAHA;RD 50;Moto
2335;YAMAHA;DT 50;Moto
2336;YAMAHA;MT-01;Moto
2337;YAMAHA;FZ-09;Moto
2338;YAMAHA;MT-07;Moto
2339;YAMAHA;FZR600;Moto
2340;YAMAHA;FZR400;Moto
2341;YAMAHA;FZR250;Moto
2342;YAMAHA;XS500;Moto
2343;YAMAHA;XS650;Moto
2344;YAMAHA;XS750;Moto
2345;YAMAHA;XS850;Moto
2346;YAMAHA;XS1100;Moto
2347;YAMAHA;SR500;Moto
2348;YAMAHA;SRX 400;Moto
2349;YAMAHA;SRX 600;Moto
2350;YAMAHA;V-MAX 1680;Moto
2351;YAMAHA;FJR1300;Moto
2352;YAMAHA;XTZ 750 SUPER TENERE;Moto
2353;YAMAHA;XT 600;Moto
2354;YAMAHA;VIRAGO 400;Moto
2355;YAMAHA;VIRAGO 535;Moto
2356;YAMAHA;VIRAGO 750;Moto
2357;YAMAHA;VIRAGO 1400;Moto
2358;YAMAHA;XZ 550;Moto
2359;YAMAHA;YZR 500;Moto
2360;YAMAHA;WR 450F;Moto
2361;YAMAHA;TZ 250;Moto
2362;YAMAHA;YZ 125;Moto
2363;YAMAHA;YZ 250;Moto
2364;YAMAHA;YZ 450;Moto
2365;YAMAHA;TX500;Moto
2366;YAMAHA;XR 180;Moto
2367;YAMAHA;TT 125;Moto
2368;SMART;FORTWO CABRIO;Carro
2369;KAWASAKI;ER-5;Moto
2370;ADAMO;GT;Carro
2371;ADAMO;GTL;Carro
2372;ADAMO;GTM;Carro
2373;ADAMO;C2;Carro
2374;ADAMO;CRX;Carro
2375;ADAMO;AC 2000;Carro
2376;LINCOLN;AVIATOR;Carro
2377;LINCOLN;BLACKWOOD;Carro
2378;LINCOLN;CAPRI;Carro
2379;LINCOLN;CONTINENTAL;Carro
2380;LINCOLN;LS;Carro
2381;LINCOLN;MARK;Carro
2382;LINCOLN;MARK LT;Carro
2383;LINCOLN;MKR;Carro
2384;LINCOLN;MKS;Carro
2385;LINCOLN;MKX;Carro
2386;LINCOLN;MKZ;Carro
2387;LINCOLN;NAVIGATOR;Carro
2388;LINCOLN;PREMIERE;Carro
2389;LINCOLN;TOWN CAR;Carro
2390;LINCOLN;VERSAILLES;Carro
2391;LINCOLN;ZEPHYR;Carro
2392;CHEVROLET;CLASSIC;Carro
2393;SSANGYONG;ACTYON;Carro
2394;HARLEY-DAVIDSON;CVO;Moto
2395;BRAVA;ALPINA;Moto
2396;BRAVA;APOLO;Moto
2397;BRAVA;NEVADA;Moto
2398;BRAVA;WINSTAR;Moto
2399;BRAVA;ELEKTRA;Moto
2400;BRAVA;TEXANA;Moto
2401;BRAVA;ALTINO;Moto
2402;BRAVA;AQUILA;Moto
2403;BRAVA;DAYSTAR ROUTIER;Moto
2404;CHEVROLET;MARAJO;Carro
2405;CHEVROLET;SUPREMA;Carro
2406;VOLKSWAGEN;NEW BEETLE;Carro
2407;VOLKSWAGEN;QUANTUM;Carro
2408;VOLKSWAGEN;CROSSFOX;Carro
2409;FIAT;MILLE;Carro
2410;GEELY;GC2;Carro
2411;GEELY;EC7;Carro
2412;LIFAN;530;Carro
2413;FIAT;MOBI;Carro
2414;FIAT;TORO;Carro
2415;JEEP;RENEGADE;Carro
2416;RENAULT;DUSTER OROCH;Carro
2417;RENAULT;SANDERO RS;Carro
2418;HYUNDAI;HB20R;Carro
2419;HYUNDAI;GRAND SANTA FE;Carro
2420;VOLKSWAGEN;GOLF VARIANT;Carro
2421;VOLKSWAGEN;SPACE CROSS;Carro
2422;PEUGEOT;2008;Carro
2423;KIA;QUORIS;Carro
2424;KIA;GRAND CARNIVAL;Carro
2425;JAC;T8;Carro
2426;JAC;T6;Carro
2427;JAC;T5;Carro
2428;FORD;KA SEDAN;Carro
2429;FORD;FOCUS FASTBACK;Carro
2430;TESLA;Model X;Carro
2431;TESLA;Model 3;Carro
2432;TESLA;Roadster;Carro
2433;TESLA;Cybertruck;Carro
2434;TESLA;Model S;Carro
